--
-- PostgreSQL database dump
--

-- Dumped from database version 17.0
-- Dumped by pg_dump version 17.0

SET statement_timeout = 0;
SET lock_timeout = 0;
SET idle_in_transaction_session_timeout = 0;
SET transaction_timeout = 0;
SET client_encoding = 'UTF8';
SET standard_conforming_strings = on;
SELECT pg_catalog.set_config('search_path', '', false);
SET check_function_bodies = false;
SET xmloption = content;
SET client_min_messages = warning;
SET row_security = off;

SET default_tablespace = '';

SET default_table_access_method = heap;

--
-- Name: auth_group; Type: TABLE; Schema: public; Owner: postgres
--

CREATE TABLE public.auth_group (
    id integer NOT NULL,
    name character varying(150) NOT NULL
);


ALTER TABLE public.auth_group OWNER TO postgres;

--
-- Name: auth_group_id_seq; Type: SEQUENCE; Schema: public; Owner: postgres
--

ALTER TABLE public.auth_group ALTER COLUMN id ADD GENERATED BY DEFAULT AS IDENTITY (
    SEQUENCE NAME public.auth_group_id_seq
    START WITH 1
    INCREMENT BY 1
    NO MINVALUE
    NO MAXVALUE
    CACHE 1
);


--
-- Name: auth_group_permissions; Type: TABLE; Schema: public; Owner: postgres
--

CREATE TABLE public.auth_group_permissions (
    id bigint NOT NULL,
    group_id integer NOT NULL,
    permission_id integer NOT NULL
);


ALTER TABLE public.auth_group_permissions OWNER TO postgres;

--
-- Name: auth_group_permissions_id_seq; Type: SEQUENCE; Schema: public; Owner: postgres
--

ALTER TABLE public.auth_group_permissions ALTER COLUMN id ADD GENERATED BY DEFAULT AS IDENTITY (
    SEQUENCE NAME public.auth_group_permissions_id_seq
    START WITH 1
    INCREMENT BY 1
    NO MINVALUE
    NO MAXVALUE
    CACHE 1
);


--
-- Name: auth_permission; Type: TABLE; Schema: public; Owner: postgres
--

CREATE TABLE public.auth_permission (
    id integer NOT NULL,
    name character varying(255) NOT NULL,
    content_type_id integer NOT NULL,
    codename character varying(100) NOT NULL
);


ALTER TABLE public.auth_permission OWNER TO postgres;

--
-- Name: auth_permission_id_seq; Type: SEQUENCE; Schema: public; Owner: postgres
--

ALTER TABLE public.auth_permission ALTER COLUMN id ADD GENERATED BY DEFAULT AS IDENTITY (
    SEQUENCE NAME public.auth_permission_id_seq
    START WITH 1
    INCREMENT BY 1
    NO MINVALUE
    NO MAXVALUE
    CACHE 1
);


--
-- Name: django_admin_log; Type: TABLE; Schema: public; Owner: postgres
--

CREATE TABLE public.django_admin_log (
    id integer NOT NULL,
    action_time timestamp with time zone NOT NULL,
    object_id text,
    object_repr character varying(200) NOT NULL,
    action_flag smallint NOT NULL,
    change_message text NOT NULL,
    content_type_id integer,
    user_id bigint NOT NULL,
    CONSTRAINT django_admin_log_action_flag_check CHECK ((action_flag >= 0))
);


ALTER TABLE public.django_admin_log OWNER TO postgres;

--
-- Name: django_admin_log_id_seq; Type: SEQUENCE; Schema: public; Owner: postgres
--

ALTER TABLE public.django_admin_log ALTER COLUMN id ADD GENERATED BY DEFAULT AS IDENTITY (
    SEQUENCE NAME public.django_admin_log_id_seq
    START WITH 1
    INCREMENT BY 1
    NO MINVALUE
    NO MAXVALUE
    CACHE 1
);


--
-- Name: django_content_type; Type: TABLE; Schema: public; Owner: postgres
--

CREATE TABLE public.django_content_type (
    id integer NOT NULL,
    app_label character varying(100) NOT NULL,
    model character varying(100) NOT NULL
);


ALTER TABLE public.django_content_type OWNER TO postgres;

--
-- Name: django_content_type_id_seq; Type: SEQUENCE; Schema: public; Owner: postgres
--

ALTER TABLE public.django_content_type ALTER COLUMN id ADD GENERATED BY DEFAULT AS IDENTITY (
    SEQUENCE NAME public.django_content_type_id_seq
    START WITH 1
    INCREMENT BY 1
    NO MINVALUE
    NO MAXVALUE
    CACHE 1
);


--
-- Name: django_migrations; Type: TABLE; Schema: public; Owner: postgres
--

CREATE TABLE public.django_migrations (
    id bigint NOT NULL,
    app character varying(255) NOT NULL,
    name character varying(255) NOT NULL,
    applied timestamp with time zone NOT NULL
);


ALTER TABLE public.django_migrations OWNER TO postgres;

--
-- Name: django_migrations_id_seq; Type: SEQUENCE; Schema: public; Owner: postgres
--

ALTER TABLE public.django_migrations ALTER COLUMN id ADD GENERATED BY DEFAULT AS IDENTITY (
    SEQUENCE NAME public.django_migrations_id_seq
    START WITH 1
    INCREMENT BY 1
    NO MINVALUE
    NO MAXVALUE
    CACHE 1
);


--
-- Name: django_session; Type: TABLE; Schema: public; Owner: postgres
--

CREATE TABLE public.django_session (
    session_key character varying(40) NOT NULL,
    session_data text NOT NULL,
    expire_date timestamp with time zone NOT NULL
);


ALTER TABLE public.django_session OWNER TO postgres;

--
-- Name: users_ad; Type: TABLE; Schema: public; Owner: postgres
--

CREATE TABLE public.users_ad (
    id bigint NOT NULL,
    titre character varying(255) NOT NULL,
    description text NOT NULL,
    prix numeric(10,2) NOT NULL,
    location character varying(255) NOT NULL,
    area integer NOT NULL,
    owner_id bigint NOT NULL,
    image1 character varying(100),
    image2 character varying(100),
    image3 character varying(100),
    image character varying(100)
);


ALTER TABLE public.users_ad OWNER TO postgres;

--
-- Name: users_ad_id_seq; Type: SEQUENCE; Schema: public; Owner: postgres
--

ALTER TABLE public.users_ad ALTER COLUMN id ADD GENERATED BY DEFAULT AS IDENTITY (
    SEQUENCE NAME public.users_ad_id_seq
    START WITH 1
    INCREMENT BY 1
    NO MINVALUE
    NO MAXVALUE
    CACHE 1
);


--
-- Name: users_customuser; Type: TABLE; Schema: public; Owner: postgres
--

CREATE TABLE public.users_customuser (
    id bigint NOT NULL,
    password character varying(128) NOT NULL,
    last_login timestamp with time zone,
    is_superuser boolean NOT NULL,
    username character varying(150) NOT NULL,
    first_name character varying(150) NOT NULL,
    last_name character varying(150) NOT NULL,
    is_staff boolean NOT NULL,
    is_active boolean NOT NULL,
    date_joined timestamp with time zone NOT NULL,
    email character varying(254) NOT NULL
);


ALTER TABLE public.users_customuser OWNER TO postgres;

--
-- Name: users_customuser_groups; Type: TABLE; Schema: public; Owner: postgres
--

CREATE TABLE public.users_customuser_groups (
    id bigint NOT NULL,
    customuser_id bigint NOT NULL,
    group_id integer NOT NULL
);


ALTER TABLE public.users_customuser_groups OWNER TO postgres;

--
-- Name: users_customuser_groups_id_seq; Type: SEQUENCE; Schema: public; Owner: postgres
--

ALTER TABLE public.users_customuser_groups ALTER COLUMN id ADD GENERATED BY DEFAULT AS IDENTITY (
    SEQUENCE NAME public.users_customuser_groups_id_seq
    START WITH 1
    INCREMENT BY 1
    NO MINVALUE
    NO MAXVALUE
    CACHE 1
);


--
-- Name: users_customuser_id_seq; Type: SEQUENCE; Schema: public; Owner: postgres
--

ALTER TABLE public.users_customuser ALTER COLUMN id ADD GENERATED BY DEFAULT AS IDENTITY (
    SEQUENCE NAME public.users_customuser_id_seq
    START WITH 1
    INCREMENT BY 1
    NO MINVALUE
    NO MAXVALUE
    CACHE 1
);


--
-- Name: users_customuser_user_permissions; Type: TABLE; Schema: public; Owner: postgres
--

CREATE TABLE public.users_customuser_user_permissions (
    id bigint NOT NULL,
    customuser_id bigint NOT NULL,
    permission_id integer NOT NULL
);


ALTER TABLE public.users_customuser_user_permissions OWNER TO postgres;

--
-- Name: users_customuser_user_permissions_id_seq; Type: SEQUENCE; Schema: public; Owner: postgres
--

ALTER TABLE public.users_customuser_user_permissions ALTER COLUMN id ADD GENERATED BY DEFAULT AS IDENTITY (
    SEQUENCE NAME public.users_customuser_user_permissions_id_seq
    START WITH 1
    INCREMENT BY 1
    NO MINVALUE
    NO MAXVALUE
    CACHE 1
);


--
-- Name: users_notification; Type: TABLE; Schema: public; Owner: postgres
--

CREATE TABLE public.users_notification (
    id bigint NOT NULL,
    message character varying(255) NOT NULL,
    is_read boolean NOT NULL,
    created_at timestamp with time zone NOT NULL,
    user_id bigint NOT NULL,
    reservation_id bigint NOT NULL
);


ALTER TABLE public.users_notification OWNER TO postgres;

--
-- Name: users_notification_id_seq; Type: SEQUENCE; Schema: public; Owner: postgres
--

ALTER TABLE public.users_notification ALTER COLUMN id ADD GENERATED BY DEFAULT AS IDENTITY (
    SEQUENCE NAME public.users_notification_id_seq
    START WITH 1
    INCREMENT BY 1
    NO MINVALUE
    NO MAXVALUE
    CACHE 1
);


--
-- Name: users_reservation; Type: TABLE; Schema: public; Owner: postgres
--

CREATE TABLE public.users_reservation (
    id bigint NOT NULL,
    phone_number character varying(15) NOT NULL,
    created_at timestamp with time zone NOT NULL,
    ad_id bigint NOT NULL,
    user_id bigint NOT NULL,
    reservation_date date NOT NULL,
    reservation_time time without time zone NOT NULL,
    confirmed_by_buyer boolean NOT NULL
);


ALTER TABLE public.users_reservation OWNER TO postgres;

--
-- Name: users_reservation_id_seq; Type: SEQUENCE; Schema: public; Owner: postgres
--

ALTER TABLE public.users_reservation ALTER COLUMN id ADD GENERATED BY DEFAULT AS IDENTITY (
    SEQUENCE NAME public.users_reservation_id_seq
    START WITH 1
    INCREMENT BY 1
    NO MINVALUE
    NO MAXVALUE
    CACHE 1
);


--
-- Data for Name: auth_group; Type: TABLE DATA; Schema: public; Owner: postgres
--

COPY public.auth_group (id, name) FROM stdin;
\.


--
-- Data for Name: auth_group_permissions; Type: TABLE DATA; Schema: public; Owner: postgres
--

COPY public.auth_group_permissions (id, group_id, permission_id) FROM stdin;
\.


--
-- Data for Name: auth_permission; Type: TABLE DATA; Schema: public; Owner: postgres
--

COPY public.auth_permission (id, name, content_type_id, codename) FROM stdin;
1	Can add log entry	1	add_logentry
2	Can change log entry	1	change_logentry
3	Can delete log entry	1	delete_logentry
4	Can view log entry	1	view_logentry
5	Can add permission	2	add_permission
6	Can change permission	2	change_permission
7	Can delete permission	2	delete_permission
8	Can view permission	2	view_permission
9	Can add group	3	add_group
10	Can change group	3	change_group
11	Can delete group	3	delete_group
12	Can view group	3	view_group
13	Can add content type	4	add_contenttype
14	Can change content type	4	change_contenttype
15	Can delete content type	4	delete_contenttype
16	Can view content type	4	view_contenttype
17	Can add session	5	add_session
18	Can change session	5	change_session
19	Can delete session	5	delete_session
20	Can view session	5	view_session
21	Can add user	6	add_customuser
22	Can change user	6	change_customuser
23	Can delete user	6	delete_customuser
24	Can view user	6	view_customuser
25	Can add ad	7	add_ad
26	Can change ad	7	change_ad
27	Can delete ad	7	delete_ad
28	Can view ad	7	view_ad
29	Can add reservation	8	add_reservation
30	Can change reservation	8	change_reservation
31	Can delete reservation	8	delete_reservation
32	Can view reservation	8	view_reservation
33	Can add notification	9	add_notification
34	Can change notification	9	change_notification
35	Can delete notification	9	delete_notification
36	Can view notification	9	view_notification
\.


--
-- Data for Name: django_admin_log; Type: TABLE DATA; Schema: public; Owner: postgres
--

COPY public.django_admin_log (id, action_time, object_id, object_repr, action_flag, change_message, content_type_id, user_id) FROM stdin;
\.


--
-- Data for Name: django_content_type; Type: TABLE DATA; Schema: public; Owner: postgres
--

COPY public.django_content_type (id, app_label, model) FROM stdin;
1	admin	logentry
2	auth	permission
3	auth	group
4	contenttypes	contenttype
5	sessions	session
6	users	customuser
7	users	ad
8	users	reservation
9	users	notification
\.


--
-- Data for Name: django_migrations; Type: TABLE DATA; Schema: public; Owner: postgres
--

COPY public.django_migrations (id, app, name, applied) FROM stdin;
1	contenttypes	0001_initial	2024-10-20 16:17:29.501878+01
2	contenttypes	0002_remove_content_type_name	2024-10-20 16:17:29.510827+01
3	auth	0001_initial	2024-10-20 16:17:29.543829+01
4	auth	0002_alter_permission_name_max_length	2024-10-20 16:17:29.547826+01
5	auth	0003_alter_user_email_max_length	2024-10-20 16:17:29.551826+01
6	auth	0004_alter_user_username_opts	2024-10-20 16:17:29.555826+01
7	auth	0005_alter_user_last_login_null	2024-10-20 16:17:29.559827+01
8	auth	0006_require_contenttypes_0002	2024-10-20 16:17:29.560826+01
9	auth	0007_alter_validators_add_error_messages	2024-10-20 16:17:29.564826+01
10	auth	0008_alter_user_username_max_length	2024-10-20 16:17:29.568826+01
11	auth	0009_alter_user_last_name_max_length	2024-10-20 16:17:29.572826+01
12	auth	0010_alter_group_name_max_length	2024-10-20 16:17:29.579598+01
13	auth	0011_update_proxy_permissions	2024-10-20 16:17:29.584598+01
14	auth	0012_alter_user_first_name_max_length	2024-10-20 16:17:29.587597+01
15	users	0001_initial	2024-10-20 16:17:29.61516+01
16	admin	0001_initial	2024-10-20 16:17:29.63116+01
17	admin	0002_logentry_remove_auto_add	2024-10-20 16:17:29.637159+01
18	admin	0003_logentry_add_action_flag_choices	2024-10-20 16:17:29.64316+01
19	sessions	0001_initial	2024-10-20 16:17:29.651162+01
20	users	0002_ad	2024-10-20 19:14:00.856309+01
21	users	0003_alter_ad_owner	2024-10-20 19:48:28.589863+01
22	users	0004_remove_ad_owner	2024-10-20 20:48:27.871371+01
23	users	0005_ad_owner	2024-10-21 09:23:46.690731+01
24	users	0006_ad_image1_ad_image2_ad_image3_alter_ad_owner	2024-10-21 12:32:49.623014+01
25	users	0006_ad_image_alter_ad_owner	2024-10-21 13:18:23.785052+01
26	users	0007_reservation_notification	2024-10-22 12:37:38.992371+01
27	users	0008_reservation_reservation_date_and_more	2024-10-22 12:50:16.488075+01
28	users	0009_reservation_confirmed_by_buyer_and_more	2024-10-22 13:29:54.053698+01
\.


--
-- Data for Name: django_session; Type: TABLE DATA; Schema: public; Owner: postgres
--

COPY public.django_session (session_key, session_data, expire_date) FROM stdin;
b83ab0za8oe62z5zwlzjfjhdp58lrair	.eJxVjDsOwyAQBe9CHSEWzC9lep8B7QIOTiKQjF1FuXuE5CJp38y8Nwt47CUcPW9hTezKgF1-N8L4zHWA9MB6bzy2um8r8aHwk3Y-t5Rft9P9OyjYy6gdoiBI0kWKkLT2YCdrQJABDVlKEZWixU8qS-sMocqLB-UFACmfNPt8AdduNys:1t2Xze:bfQnYXBpcWzsGNq0vrWeCAOjLRiIjZTSRAcGNuKxP-M	2024-11-03 16:37:22.212063+01
7vjjgssm5qr6nn1n4w6qxsujre7d19yw	.eJxVjDsOwyAQBe9CHSEWzC9lep8B7QIOTiKQjF1FuXuE5CJp38y8Nwt47CUcPW9hTezKgF1-N8L4zHWA9MB6bzy2um8r8aHwk3Y-t5Rft9P9OyjYy6gdoiBI0kWKkLT2YCdrQJABDVlKEZWixU8qS-sMocqLB-UFACmfNPt8AdduNys:1t2ZZp:pGQoVxrJ-Yyg4ervyqVFImrYSkzjtwbT1JijjoF4xiQ	2024-11-03 18:18:49.928084+01
w26odezsoe1qnu0talipnym45hdyy6w4	.eJxVjDsOwyAQBe9CHSEWzC9lep8B7QIOTiKQjF1FuXuE5CJp38y8Nwt47CUcPW9hTezKgF1-N8L4zHWA9MB6bzy2um8r8aHwk3Y-t5Rft9P9OyjYy6gdoiBI0kWKkLT2YCdrQJABDVlKEZWixU8qS-sMocqLB-UFACmfNPt8AdduNys:1t2Zap:Ujp0YqSNI4vbhMc4QyAqYHmdBwSC7frRNaJ26r398RI	2024-11-03 18:19:51.67851+01
lrjoootllv0pvtxqitmnkv9g7601k5pw	.eJxVjDsOwyAQBe9CHSEWzC9lep8B7QIOTiKQjF1FuXuE5CJp38y8Nwt47CUcPW9hTezKgF1-N8L4zHWA9MB6bzy2um8r8aHwk3Y-t5Rft9P9OyjYy6gdoiBI0kWKkLT2YCdrQJABDVlKEZWixU8qS-sMocqLB-UFACmfNPt8AdduNys:1t2ZbV:tdI0UoVUuIl2ugivENDqgLsw6msSfSZUm_WJZm1xkNw	2024-11-03 18:20:33.207368+01
nkrou1olruhcghstz7nj1k53x65g93s2	.eJxVjDsOwyAQBe9CHSEWzC9lep8B7QIOTiKQjF1FuXuE5CJp38y8Nwt47CUcPW9hTezKgF1-N8L4zHWA9MB6bzy2um8r8aHwk3Y-t5Rft9P9OyjYy6gdoiBI0kWKkLT2YCdrQJABDVlKEZWixU8qS-sMocqLB-UFACmfNPt8AdduNys:1t2ZdQ:jwEVZXRcoICGzR2UIkFO1RLRmiIf1mKTVG8jeyzCq7k	2024-11-03 18:22:32.872654+01
nsvty85by48sv23l3vrhk9plxm9pe5a3	.eJxVjDsOwyAQBe9CHSEWzC9lep8B7QIOTiKQjF1FuXuE5CJp38y8Nwt47CUcPW9hTezKgF1-N8L4zHWA9MB6bzy2um8r8aHwk3Y-t5Rft9P9OyjYy6gdoiBI0kWKkLT2YCdrQJABDVlKEZWixU8qS-sMocqLB-UFACmfNPt8AdduNys:1t2ZhS:Aq518R0YDQ3wJmBsmTwumYdhRhOVKVi7-rIaoP_xoXY	2024-11-03 18:26:42.059804+01
q1s1fqdo7erxidkbxkqqqytru4jad85x	.eJxVjMEOwiAQRP-FsyGslG3r0bvfQHZhkaopSWlPxn-XJj3oZTKZNzNv5Wlbs9-qLH6K6qJ6dfrNmMJT5h3EB833okOZ12VivVf0Qau-lSiv69H9O8hUc1uzjANIZwMatAP3nMg6g8FFbpagqUBy54Sh486N_QAIhoCYUVJA9fkCBUQ45w:1t2Zkm:Bp_n8hpZkgwaoaomeKccZhaTzI2A63dTK826gG8zA1A	2024-11-03 18:30:08.961168+01
w7efmmfd9egoul3aanbk0cm074cf9sr0	.eJxVjEEOwiAQRe_C2pBKBxhcuu8ZCMMMUjVtUtqV8e7apAvd_vfef6mYtrXGrckSR1YXFdTpd6OUHzLtgO9pus06z9O6jKR3RR-06WFmeV4P9--gpla_te9IsjNYPKN1PaGgDUjiwDD7Agi2g-IyB-d7gERgJAewkALhOYN6fwDiQzei:1t2Zus:_amEYtG9RMmyCrQUuiue_maT-XZOnIZaUI8dd1EK2pU	2024-11-03 18:40:34.744847+01
cagz0d07h9magm2frupz3g1w5xkmzhko	.eJxVjEEOwiAQRe_C2pBKBxhcuu8ZCMMMUjVtUtqV8e7apAvd_vfef6mYtrXGrckSR1YXFdTpd6OUHzLtgO9pus06z9O6jKR3RR-06WFmeV4P9--gpla_te9IsjNYPKN1PaGgDUjiwDD7Agi2g-IyB-d7gERgJAewkALhOYN6fwDiQzei:1t2Zx2:GOCUw4OrAui2GQgwjko5cTa-m9Ck8LBR2U-T0vfkva4	2024-11-03 18:42:48.680984+01
gbd3vos23kz8hujspjec1699sdjgpiec	.eJxVjDsOwyAQBe9CHSEWzC9lep8B7QIOTiKQjF1FuXuE5CJp38y8Nwt47CUcPW9hTezKgF1-N8L4zHWA9MB6bzy2um8r8aHwk3Y-t5Rft9P9OyjYy6gdoiBI0kWKkLT2YCdrQJABDVlKEZWixU8qS-sMocqLB-UFACmfNPt8AdduNys:1t2aEX:mfzUfTKi5RQUfSIKFTVji52lh4zltneAIRPRuiCZkag	2024-11-03 19:00:53.713013+01
whnaf5y7q10royd47qb8g8e33lqbsh05	.eJxVjDsOwyAQBe9CHSEWzC9lep8B7QIOTiKQjF1FuXuE5CJp38y8Nwt47CUcPW9hTezKgF1-N8L4zHWA9MB6bzy2um8r8aHwk3Y-t5Rft9P9OyjYy6gdoiBI0kWKkLT2YCdrQJABDVlKEZWixU8qS-sMocqLB-UFACmfNPt8AdduNys:1t2aGK:NDeZ_zeGjepb__-felHdbJ6jndiLYltzm5T3iULEEfE	2024-11-03 19:02:44.388543+01
pu1o3j25l2jy1h5k78qfix6l04algqxz	.eJxVjDsOwyAQBe9CHSEWzC9lep8B7QIOTiKQjF1FuXuE5CJp38y8Nwt47CUcPW9hTezKgF1-N8L4zHWA9MB6bzy2um8r8aHwk3Y-t5Rft9P9OyjYy6gdoiBI0kWKkLT2YCdrQJABDVlKEZWixU8qS-sMocqLB-UFACmfNPt8AdduNys:1t2aV0:qXlk6fKXo2Tmi3coJf9iSNa_S44U4VmgC2DsdmNSwMw	2024-11-03 19:17:54.378918+01
p9cljt1r1vm2szmbwciqh94p6qsgadzg	.eJxVjDsOwyAQBe9CHSEWzC9lep8B7QIOTiKQjF1FuXuE5CJp38y8Nwt47CUcPW9hTezKgF1-N8L4zHWA9MB6bzy2um8r8aHwk3Y-t5Rft9P9OyjYy6gdoiBI0kWKkLT2YCdrQJABDVlKEZWixU8qS-sMocqLB-UFACmfNPt8AdduNys:1t2acN:xMoICU8U4OKMTEbhVfzGlgapjYnpQ1nlJ9Gbcss9-7I	2024-11-03 19:25:31.4553+01
1asqdtiwaaaxqyl5fs2aulv0nkn3brwa	.eJxVjDsOwyAQBe9CHSEWzC9lep8B7QIOTiKQjF1FuXuE5CJp38y8Nwt47CUcPW9hTezKgF1-N8L4zHWA9MB6bzy2um8r8aHwk3Y-t5Rft9P9OyjYy6gdoiBI0kWKkLT2YCdrQJABDVlKEZWixU8qS-sMocqLB-UFACmfNPt8AdduNys:1t2agM:dmqmvu3vBtP8z3LcCqEJdRZtlIFlymSpngq0uCHr3oQ	2024-11-03 19:29:38.861816+01
wnwk709h5liy4bxzfqa8mhcuhs5qy3tv	.eJxVjDsOwyAQBe9CHSEWzC9lep8B7QIOTiKQjF1FuXuE5CJp38y8Nwt47CUcPW9hTezKgF1-N8L4zHWA9MB6bzy2um8r8aHwk3Y-t5Rft9P9OyjYy6gdoiBI0kWKkLT2YCdrQJABDVlKEZWixU8qS-sMocqLB-UFACmfNPt8AdduNys:1t2aiz:awzbrHoTzolWMYWe4p8bWPlYYA9427vDCxb5LvYtRhY	2024-11-03 19:32:21.141586+01
c2ggisiowhw9x4olfybygoautg2tnsog	.eJxVjDsOwyAQBe9CHSEWzC9lep8B7QIOTiKQjF1FuXuE5CJp38y8Nwt47CUcPW9hTezKgF1-N8L4zHWA9MB6bzy2um8r8aHwk3Y-t5Rft9P9OyjYy6gdoiBI0kWKkLT2YCdrQJABDVlKEZWixU8qS-sMocqLB-UFACmfNPt8AdduNys:1t2alO:Dpkg1PTJM_Ovp1GB2nQkJWDW2RewU5uD9YQ-qhXmIjY	2024-11-03 19:34:50.799607+01
3ogt18hewallj0v558nvsr4k16vj0oez	.eJxVjDsOwyAQBe9CHSEWzC9lep8B7QIOTiKQjF1FuXuE5CJp38y8Nwt47CUcPW9hTezKgF1-N8L4zHWA9MB6bzy2um8r8aHwk3Y-t5Rft9P9OyjYy6gdoiBI0kWKkLT2YCdrQJABDVlKEZWixU8qS-sMocqLB-UFACmfNPt8AdduNys:1t2aol:WdDRvIX0Wp2fpdUDOAncM9X0i82kPGAre90j2w7lPZM	2024-11-03 19:38:19.564009+01
9frv389rfyxcd5d99eknunig2ri5w9uw	.eJxVjDsOwyAQBe9CHSEWzC9lep8B7QIOTiKQjF1FuXuE5CJp38y8Nwt47CUcPW9hTezKgF1-N8L4zHWA9MB6bzy2um8r8aHwk3Y-t5Rft9P9OyjYy6gdoiBI0kWKkLT2YCdrQJABDVlKEZWixU8qS-sMocqLB-UFACmfNPt8AdduNys:1t2b2M:L-j6ux_i8Vo68soXCuYRXaHj8KJ2KNbRNf8k5jbctU4	2024-11-03 19:52:22.842679+01
zgfl1p7953w3xzdfyqsad257914gv9r2	.eJxVjDsOwyAQBe9CHSEWzC9lep8B7QIOTiKQjF1FuXuE5CJp38y8Nwt47CUcPW9hTezKgF1-N8L4zHWA9MB6bzy2um8r8aHwk3Y-t5Rft9P9OyjYy6gdoiBI0kWKkLT2YCdrQJABDVlKEZWixU8qS-sMocqLB-UFACmfNPt8AdduNys:1t2b9h:_BkV_iJNGutFth0wQutEo21UGxh1jGhk4GR8QpGxUHA	2024-11-03 19:59:57.65665+01
ku03h2qwhxmftbfzfqvj4bxlrg9ydkzu	.eJxVjDsOwyAQBe9CHSEWzC9lep8B7QIOTiKQjF1FuXuE5CJp38y8Nwt47CUcPW9hTezKgF1-N8L4zHWA9MB6bzy2um8r8aHwk3Y-t5Rft9P9OyjYy6gdoiBI0kWKkLT2YCdrQJABDVlKEZWixU8qS-sMocqLB-UFACmfNPt8AdduNys:1t2bCb:19mehvG6B11GCCJB_u7NrRIGYAkRq1AsDOaJKdDFohc	2024-11-03 20:02:57.341342+01
w5jq2bay2dnu0vx8xcwcg04n1laoelk0	.eJxVjDsOwyAQBe9CHSEWzC9lep8B7QIOTiKQjF1FuXuE5CJp38y8Nwt47CUcPW9hTezKgF1-N8L4zHWA9MB6bzy2um8r8aHwk3Y-t5Rft9P9OyjYy6gdoiBI0kWKkLT2YCdrQJABDVlKEZWixU8qS-sMocqLB-UFACmfNPt8AdduNys:1t2bN9:5ynH3E5QZK9yVccEktT4TrLEzIlwkRevJQuleT3sRTU	2024-11-03 20:13:51.37799+01
fq9t5sc0k0icz4v3ea6ps0i7n9lseqby	.eJxVjDsOwyAQBe9CHSEWzC9lep8B7QIOTiKQjF1FuXuE5CJp38y8Nwt47CUcPW9hTezKgF1-N8L4zHWA9MB6bzy2um8r8aHwk3Y-t5Rft9P9OyjYy6gdoiBI0kWKkLT2YCdrQJABDVlKEZWixU8qS-sMocqLB-UFACmfNPt8AdduNys:1t2bP8:xaikIfoJqDQFv7Da_WsPMVBd-ZNqUtjxqDuuCeGImzA	2024-11-03 20:15:54.248664+01
3yo0zv8e56tfo3axrt0iydtld79o3jgj	.eJxVjDsOwyAQBe9CHSEWzC9lep8B7QIOTiKQjF1FuXuE5CJp38y8Nwt47CUcPW9hTezKgF1-N8L4zHWA9MB6bzy2um8r8aHwk3Y-t5Rft9P9OyjYy6gdoiBI0kWKkLT2YCdrQJABDVlKEZWixU8qS-sMocqLB-UFACmfNPt8AdduNys:1t2bQu:gPL5FDUtETN4u3JlaxfbCzp_YQvnFR9cIoDJONtbxns	2024-11-03 20:17:44.395426+01
efiv9twg67u4km6tk7plld4b37xxp8v7	.eJxVjDsOwyAQBe9CHSEWzC9lep8B7QIOTiKQjF1FuXuE5CJp38y8Nwt47CUcPW9hTezKgF1-N8L4zHWA9MB6bzy2um8r8aHwk3Y-t5Rft9P9OyjYy6gdoiBI0kWKkLT2YCdrQJABDVlKEZWixU8qS-sMocqLB-UFACmfNPt8AdduNys:1t2bTZ:rcpklf_1JGV2yIThSj-cxde-OCcOMehgb6RNhc1V3gU	2024-11-03 20:20:29.135404+01
fwbwgebtgeba2s0b5gyjqp7jepcznhp5	.eJxVjDsOwyAQBe9CHSEWzC9lep8B7QIOTiKQjF1FuXuE5CJp38y8Nwt47CUcPW9hTezKgF1-N8L4zHWA9MB6bzy2um8r8aHwk3Y-t5Rft9P9OyjYy6gdoiBI0kWKkLT2YCdrQJABDVlKEZWixU8qS-sMocqLB-UFACmfNPt8AdduNys:1t2bUj:hgl1SxJVkbJEgvDMo0xuSX21xoaMsAMskP4eNNIvsp4	2024-11-03 20:21:41.328809+01
95xh3gymmhvv99mx4krya56k2i92fizo	.eJxVjEEOwiAQRe_C2pChQ2nr0r1nIAMzSNVAUtqV8e7apAvd_vfefylP25r91mTxM6uzMqBOv2Og-JCyE75TuVUda1mXOehd0Qdt-lpZnpfD_TvI1PK3Tj0xjUxThIQJgpkEYufA9gGRRnQciFPsAE0SxxbBDIyDoENnLaN6fwAoCThH:1t2o5V:WHSVyXFwrLFLOKhXTHJngPfZoV8AcXKRaRMcKi_BNgU	2024-11-04 09:48:29.402044+01
i8ydlvhvky7rqipw1dhjrgz6yry4t4zq	.eJxVjDsOwyAQBe9CHSEWzC9lep8B7QIOTiKQjF1FuXuE5CJp38y8Nwt47CUcPW9hTezKgF1-N8L4zHWA9MB6bzy2um8r8aHwk3Y-t5Rft9P9OyjYy6gdoiBI0kWKkLT2YCdrQJABDVlKEZWixU8qS-sMocqLB-UFACmfNPt8AdduNys:1t2bX4:1Oe5r4qpiXTvX-KLhp5m43aWOXtVZwv9KzTLscwqQZk	2024-11-03 20:24:06.109653+01
z8u1pnxnwtkkv3djmcsjdzz314vakcv5	.eJxVjDsOwyAQBe9CHSEWzC9lep8B7QIOTiKQjF1FuXuE5CJp38y8Nwt47CUcPW9hTezKgF1-N8L4zHWA9MB6bzy2um8r8aHwk3Y-t5Rft9P9OyjYy6gdoiBI0kWKkLT2YCdrQJABDVlKEZWixU8qS-sMocqLB-UFACmfNPt8AdduNys:1t2bXB:SQuPgvhwympE62kOKqI86lRLvelD9QOCKG-gZHmyjJ0	2024-11-03 20:24:13.843617+01
7msy18ua0kqdj8ofv0ddnln5wgkgrnlg	.eJxVjEEOwiAQRe_C2pChQ2nr0r1nIAMzSNVAUtqV8e7apAvd_vfefylP25r91mTxM6uzMqBOv2Og-JCyE75TuVUda1mXOehd0Qdt-lpZnpfD_TvI1PK3Tj0xjUxThIQJgpkEYufA9gGRRnQciFPsAE0SxxbBDIyDoENnLaN6fwAoCThH:1t2bbe:Eljz0rg4xceRWluiaONd5M42HCMCssQaaYX1SmU5ezk	2024-11-03 20:28:50.192864+01
juyuwe39ynct7vt8wq401mro8wjphale	.eJxVjMsOwiAQRf-FtSGBYaC4dO83kBkeUjWQlHZl_Hdt0oVu7znnvkSgba1hG3kJcxJnoZQ4_Y5M8ZHbTtKd2q3L2Nu6zCx3RR50yGtP-Xk53L-DSqN-awKKaApFA4ktuwkJ0fkUlYPJW6NJATg2PmtwFgu6DJTQm2KzYl3E-wMHnzfj:1t2bf6:3igxJKNnPRCrIwBOZf9dGfwlq-vBbB2cIziSqSaSdm8	2024-11-03 20:32:24.438232+01
atqkmgnidu7wdhijiw3qksajxobiqfmi	.eJxVjMsOwiAQRf-FtSGBYaC4dO83kBkeUjWQlHZl_Hdt0oVu7znnvkSgba1hG3kJcxJnoZQ4_Y5M8ZHbTtKd2q3L2Nu6zCx3RR50yGtP-Xk53L-DSqN-awKKaApFA4ktuwkJ0fkUlYPJW6NJATg2PmtwFgu6DJTQm2KzYl3E-wMHnzfj:1t2bkg:VcxZo-U6_3wxlzT9NS7sEhnUSF5ZXI0AukbAUwKo-GQ	2024-11-03 20:38:10.095166+01
128g7jbc33zt3svwo2qopaj1jmgdmvf1	.eJxVjMsOwiAQRf-FtSGBYaC4dO83kBkeUjWQlHZl_Hdt0oVu7znnvkSgba1hG3kJcxJnoZQ4_Y5M8ZHbTtKd2q3L2Nu6zCx3RR50yGtP-Xk53L-DSqN-awKKaApFA4ktuwkJ0fkUlYPJW6NJATg2PmtwFgu6DJTQm2KzYl3E-wMHnzfj:1t2bnN:7uQDHa-4RXO4LZDsvyV2dOgSdlqdaHkbd2fCsZJMLHo	2024-11-03 20:40:57.390436+01
i6iricy17isa6hnflcd519ykpzaqkc9j	.eJxVjMsOwiAQRf-FtSGBYaC4dO83kBkeUjWQlHZl_Hdt0oVu7znnvkSgba1hG3kJcxJnoZQ4_Y5M8ZHbTtKd2q3L2Nu6zCx3RR50yGtP-Xk53L-DSqN-awKKaApFA4ktuwkJ0fkUlYPJW6NJATg2PmtwFgu6DJTQm2KzYl3E-wMHnzfj:1t2brI:bh416PYVpKEExRl4VkLwz-Zxo824fvvGs7_5MCo7LkM	2024-11-03 20:45:00.490059+01
kbaadvwrs6ie0uwjcpe0mt9vlzw1auwm	.eJxVjMsOwiAQRf-FtSGBYaC4dO83kBkeUjWQlHZl_Hdt0oVu7znnvkSgba1hG3kJcxJnoZQ4_Y5M8ZHbTtKd2q3L2Nu6zCx3RR50yGtP-Xk53L-DSqN-awKKaApFA4ktuwkJ0fkUlYPJW6NJATg2PmtwFgu6DJTQm2KzYl3E-wMHnzfj:1t2bsD:KM6-1fAqXBNF5uKYWdqMiu0AZMWgUBXbR3zQ4OajRng	2024-11-03 20:45:57.570248+01
46ltrz0bbtjwhmsh3t8qsl3dimsmths4	.eJxVjMsOwiAQRf-FtSGBYaC4dO83kBkeUjWQlHZl_Hdt0oVu7znnvkSgba1hG3kJcxJnoZQ4_Y5M8ZHbTtKd2q3L2Nu6zCx3RR50yGtP-Xk53L-DSqN-awKKaApFA4ktuwkJ0fkUlYPJW6NJATg2PmtwFgu6DJTQm2KzYl3E-wMHnzfj:1t2bvd:C5FJJfkgsU2bMRRg9FEjPxIL0M1nw8R4euCNToUD7-c	2024-11-03 20:49:29.345869+01
0eekokvge5wtuvkwx602nb5dqw7uqmzj	.eJxVjMsOwiAQRf-FtSGBYaC4dO83kBkeUjWQlHZl_Hdt0oVu7znnvkSgba1hG3kJcxJnoZQ4_Y5M8ZHbTtKd2q3L2Nu6zCx3RR50yGtP-Xk53L-DSqN-awKKaApFA4ktuwkJ0fkUlYPJW6NJATg2PmtwFgu6DJTQm2KzYl3E-wMHnzfj:1t2bvq:2gXBSGRnPQJu2ONwSQDZhRLQyNRolGoHVU6UEusftdo	2024-11-03 20:49:42.676341+01
3gn29tfo51jx51fl5ja7czidautjgre9	.eJxVjMsOwiAQRf-FtSGBYaC4dO83kBkeUjWQlHZl_Hdt0oVu7znnvkSgba1hG3kJcxJnoZQ4_Y5M8ZHbTtKd2q3L2Nu6zCx3RR50yGtP-Xk53L-DSqN-awKKaApFA4ktuwkJ0fkUlYPJW6NJATg2PmtwFgu6DJTQm2KzYl3E-wMHnzfj:1t2bzm:Rert9DmzwrNxJOIPs5YmzkYN9QE0EbCpfBcmDCJz2gs	2024-11-03 20:53:46.990278+01
vfygh0ajg5ch6znyc31thfuz39ydes3b	.eJxVjMsOwiAQRf-FtSGBYaC4dO83kBkeUjWQlHZl_Hdt0oVu7znnvkSgba1hG3kJcxJnoZQ4_Y5M8ZHbTtKd2q3L2Nu6zCx3RR50yGtP-Xk53L-DSqN-awKKaApFA4ktuwkJ0fkUlYPJW6NJATg2PmtwFgu6DJTQm2KzYl3E-wMHnzfj:1t2mwb:gzK75u1vuu6uo1V4Gztb_fmWn65Xi2-r2ifP6_jWPeQ	2024-11-04 08:35:13.131053+01
eiekm5rxw18f97j2l4ypv6s37giz2hr2	.eJxVjMsOwiAQRf-FtSGBYaC4dO83kBkeUjWQlHZl_Hdt0oVu7znnvkSgba1hG3kJcxJnoZQ4_Y5M8ZHbTtKd2q3L2Nu6zCx3RR50yGtP-Xk53L-DSqN-awKKaApFA4ktuwkJ0fkUlYPJW6NJATg2PmtwFgu6DJTQm2KzYl3E-wMHnzfj:1t2n9Q:cxxznoDhM1qrOCIsM3l5-NcwJOeZ9UMLS_UbCdbyuJo	2024-11-04 08:48:28.50386+01
pd8ouketlvhedgaxuswje89pxcgcnoos	.eJxVjMsOwiAQRf-FtSGBYaC4dO83kBkeUjWQlHZl_Hdt0oVu7znnvkSgba1hG3kJcxJnoZQ4_Y5M8ZHbTtKd2q3L2Nu6zCx3RR50yGtP-Xk53L-DSqN-awKKaApFA4ktuwkJ0fkUlYPJW6NJATg2PmtwFgu6DJTQm2KzYl3E-wMHnzfj:1t2nBU:Pkss4By7iILPRSblr7k3VaK3oPXBrVCFhfoGTwEXKrM	2024-11-04 08:50:36.820534+01
ehwiu6bjhuqz2wvz6sywre69ts7bpa96	.eJxVjMsOwiAQRf-FtSGBYaC4dO83kBkeUjWQlHZl_Hdt0oVu7znnvkSgba1hG3kJcxJnoZQ4_Y5M8ZHbTtKd2q3L2Nu6zCx3RR50yGtP-Xk53L-DSqN-awKKaApFA4ktuwkJ0fkUlYPJW6NJATg2PmtwFgu6DJTQm2KzYl3E-wMHnzfj:1t2nDJ:YPvaL9LV4O9HLWG9I9pZcVfGA9ct_1Vnwh0APYcgNhU	2024-11-04 08:52:29.855583+01
hpyfhd2y3lk99vcgq9wtg6acrind2qzl	.eJxVjMsOwiAQRf-FtSGBYaC4dO83kBkeUjWQlHZl_Hdt0oVu7znnvkSgba1hG3kJcxJnoZQ4_Y5M8ZHbTtKd2q3L2Nu6zCx3RR50yGtP-Xk53L-DSqN-awKKaApFA4ktuwkJ0fkUlYPJW6NJATg2PmtwFgu6DJTQm2KzYl3E-wMHnzfj:1t2nER:Dnqxj4guGMmTkOWwo_rNQDCTKVjwz55ZG669JNhzioc	2024-11-04 08:53:39.945099+01
9q8kjdcuf6i6isw9tjiji3bkei1duiqj	.eJxVjMsOwiAQRf-FtSGBYaC4dO83kBkeUjWQlHZl_Hdt0oVu7znnvkSgba1hG3kJcxJnoZQ4_Y5M8ZHbTtKd2q3L2Nu6zCx3RR50yGtP-Xk53L-DSqN-awKKaApFA4ktuwkJ0fkUlYPJW6NJATg2PmtwFgu6DJTQm2KzYl3E-wMHnzfj:1t2nJv:IOhBaurY02ynISvJ3FeYeurjSL0wUBPFP_ceEb0AALQ	2024-11-04 08:59:19.925804+01
tfqss4xlc8n5eoocs5e7lilpn2moqt57	.eJxVjMsOwiAQRf-FtSGBYaC4dO83kBkeUjWQlHZl_Hdt0oVu7znnvkSgba1hG3kJcxJnoZQ4_Y5M8ZHbTtKd2q3L2Nu6zCx3RR50yGtP-Xk53L-DSqN-awKKaApFA4ktuwkJ0fkUlYPJW6NJATg2PmtwFgu6DJTQm2KzYl3E-wMHnzfj:1t2nKV:ZjCdeDJ45eyARQ-Vpxqm3ouAiSzYmjFXxneuopwcP9Q	2024-11-04 08:59:55.695335+01
x9qs4nbiq8j811oyukblul7whpdweplx	.eJxVjMsOwiAQRf-FtSGBYaC4dO83kBkeUjWQlHZl_Hdt0oVu7znnvkSgba1hG3kJcxJnoZQ4_Y5M8ZHbTtKd2q3L2Nu6zCx3RR50yGtP-Xk53L-DSqN-awKKaApFA4ktuwkJ0fkUlYPJW6NJATg2PmtwFgu6DJTQm2KzYl3E-wMHnzfj:1t2nLh:Beh-VV_ETeq5_H2YEjZqZoRtMwNkmpS2QdlKUm3tO6U	2024-11-04 09:01:09.598002+01
0cb7snbydtr00c5ybkg284dcv60tzztv	.eJxVjMsOwiAQRf-FtSGBYaC4dO83kBkeUjWQlHZl_Hdt0oVu7znnvkSgba1hG3kJcxJnoZQ4_Y5M8ZHbTtKd2q3L2Nu6zCx3RR50yGtP-Xk53L-DSqN-awKKaApFA4ktuwkJ0fkUlYPJW6NJATg2PmtwFgu6DJTQm2KzYl3E-wMHnzfj:1t2nMM:sIEHKNMgKUYS8ihwEA-IuNGDwdLenN-pnnEi3Q8tNgU	2024-11-04 09:01:50.265851+01
pimgd0mp63yn0sloe5rfj19cbiiahaty	.eJxVjMsOwiAQRf-FtSGBYaC4dO83kBkeUjWQlHZl_Hdt0oVu7znnvkSgba1hG3kJcxJnoZQ4_Y5M8ZHbTtKd2q3L2Nu6zCx3RR50yGtP-Xk53L-DSqN-awKKaApFA4ktuwkJ0fkUlYPJW6NJATg2PmtwFgu6DJTQm2KzYl3E-wMHnzfj:1t2nWW:bktuGHkE0YSD7sb5gngUJ2_cQ1N3Fo_mPXZdgkgdb68	2024-11-04 09:12:20.532032+01
60vqi35aidn6otnozlf7kno21ewttumw	.eJxVjMsOwiAQRf-FtSGBYaC4dO83kBkeUjWQlHZl_Hdt0oVu7znnvkSgba1hG3kJcxJnoZQ4_Y5M8ZHbTtKd2q3L2Nu6zCx3RR50yGtP-Xk53L-DSqN-awKKaApFA4ktuwkJ0fkUlYPJW6NJATg2PmtwFgu6DJTQm2KzYl3E-wMHnzfj:1t2nbm:e-GfaKY14QU1AytS3QV5Qurxase-gnImfrlgKZmTuqM	2024-11-04 09:17:46.217587+01
nkbsquckw2qro67tybh6vo5np55jxevw	.eJxVjMsOwiAQRf-FtSGBYaC4dO83kBkeUjWQlHZl_Hdt0oVu7znnvkSgba1hG3kJcxJnoZQ4_Y5M8ZHbTtKd2q3L2Nu6zCx3RR50yGtP-Xk53L-DSqN-awKKaApFA4ktuwkJ0fkUlYPJW6NJATg2PmtwFgu6DJTQm2KzYl3E-wMHnzfj:1t2nig:Cj8L4LDh67zWTaTwffD-NHOw4zWh4wJ7mlcAFn8JL-4	2024-11-04 09:24:54.519423+01
efvq3p2ixwj69bkedzc0lsqtxx914pib	.eJxVjDsOwyAQBe9CHSEWzC9lep8B7QIOTiKQjF1FuXuE5CJp38y8Nwt47CUcPW9hTezKgF1-N8L4zHWA9MB6bzy2um8r8aHwk3Y-t5Rft9P9OyjYy6gdoiBI0kWKkLT2YCdrQJABDVlKEZWixU8qS-sMocqLB-UFACmfNPt8AdduNys:1t2nj0:cM7RqQZSMXpYW9Mk8pbnKc29iP4dSBiKiHWYAKhzBk0	2024-11-04 09:25:14.117224+01
mzmegrlk8bq6bxaesfmwicvno02nzjyz	.eJxVjEEOwiAQRe_C2pChQ2nr0r1nIAMzSNVAUtqV8e7apAvd_vfefylP25r91mTxM6uzMqBOv2Og-JCyE75TuVUda1mXOehd0Qdt-lpZnpfD_TvI1PK3Tj0xjUxThIQJgpkEYufA9gGRRnQciFPsAE0SxxbBDIyDoENnLaN6fwAoCThH:1t2njc:sCQYXC4UXVzCQYxdq4moTXFvropbI-XuMhoCm_H-N7Q	2024-11-04 09:25:52.987181+01
d7k6wdqu72k10jpcmwmzffr34bljh9pu	.eJxVjDsOwyAQBe9CHSEWzC9lep8B7QIOTiKQjF1FuXuE5CJp38y8Nwt47CUcPW9hTezKgF1-N8L4zHWA9MB6bzy2um8r8aHwk3Y-t5Rft9P9OyjYy6gdoiBI0kWKkLT2YCdrQJABDVlKEZWixU8qS-sMocqLB-UFACmfNPt8AdduNys:1t2nkZ:IdDnDmmKDbqN6tIIkicj2bcIHqNWxtvcXVZtL_B5Mnc	2024-11-04 09:26:51.613917+01
1vu1zir2xkf0igslif9y2sux5i5mgcd6	.eJxVjDsOwyAQBe9CHSEWzC9lep8B7QIOTiKQjF1FuXuE5CJp38y8Nwt47CUcPW9hTezKgF1-N8L4zHWA9MB6bzy2um8r8aHwk3Y-t5Rft9P9OyjYy6gdoiBI0kWKkLT2YCdrQJABDVlKEZWixU8qS-sMocqLB-UFACmfNPt8AdduNys:1t2oED:1D0O2JTPMGB8VtH7s2bMyrbk5Y4nzP1WCLrMY2nWoiA	2024-11-04 09:57:29.457156+01
58bj13nqymcl60b54cc0jw3446irv3n1	.eJxVjDsOwyAQBe9CHSEWzC9lep8B7QIOTiKQjF1FuXuE5CJp38y8Nwt47CUcPW9hTezKgF1-N8L4zHWA9MB6bzy2um8r8aHwk3Y-t5Rft9P9OyjYy6gdoiBI0kWKkLT2YCdrQJABDVlKEZWixU8qS-sMocqLB-UFACmfNPt8AdduNys:1t2noe:y_CISO1RyPb4i-vIVHxDZAhQZSPA8t1UG2aY6_IDEcY	2024-11-04 09:31:04.96114+01
yylqez08af308voy5f4bttnspx5evlm1	.eJxVjEEOwiAQRe_C2pChQ2nr0r1nIAMzSNVAUtqV8e7apAvd_vfefylP25r91mTxM6uzMqBOv2Og-JCyE75TuVUda1mXOehd0Qdt-lpZnpfD_TvI1PK3Tj0xjUxThIQJgpkEYufA9gGRRnQciFPsAE0SxxbBDIyDoENnLaN6fwAoCThH:1t2oEn:1H_HBVGCh0w2G9q7OVNvcV8OIeYj3q-pQkR7nltCuHc	2024-11-04 09:58:05.697578+01
0swpa5uc8f5ql1st171mk5mvxirim0ao	.eJxVjDsOwyAQBe9CHSEWzC9lep8B7QIOTiKQjF1FuXuE5CJp38y8Nwt47CUcPW9hTezKgF1-N8L4zHWA9MB6bzy2um8r8aHwk3Y-t5Rft9P9OyjYy6gdoiBI0kWKkLT2YCdrQJABDVlKEZWixU8qS-sMocqLB-UFACmfNPt8AdduNys:1t2ns1:W4Vl1i-gcvrUWqpmNqoXLJoIUgC1WrmlMd8UWpLcrb4	2024-11-04 09:34:33.66284+01
qj5bdpa2lepnum6m9w94tlyaxmip4v1w	.eJxVjEEOwiAQRe_C2pChQ2nr0r1nIAMzSNVAUtqV8e7apAvd_vfefylP25r91mTxM6uzMqBOv2Og-JCyE75TuVUda1mXOehd0Qdt-lpZnpfD_TvI1PK3Tj0xjUxThIQJgpkEYufA9gGRRnQciFPsAE0SxxbBDIyDoENnLaN6fwAoCThH:1t2oKF:oIK3ZMrUkYdsMuKdw8zaIRSwDOnD5NV-F8Ex_ATjXQ8	2024-11-04 10:03:43.548553+01
1wv74bydrz35hyzdos7xuyf7nldoh0bx	.eJxVjEEOwiAQRe_C2pChQ2nr0r1nIAMzSNVAUtqV8e7apAvd_vfefylP25r91mTxM6uzMqBOv2Og-JCyE75TuVUda1mXOehd0Qdt-lpZnpfD_TvI1PK3Tj0xjUxThIQJgpkEYufA9gGRRnQciFPsAE0SxxbBDIyDoENnLaN6fwAoCThH:1t2nsR:PgKx2BOcH1tvbysV15t2EjRuYqLucV1K9xDfkLEnUpw	2024-11-04 09:34:59.989428+01
xxb9d54o6kmvwz7j460fcxe96i6wrztt	.eJxVjDsOwyAQBe9CHSEWzC9lep8B7QIOTiKQjF1FuXuE5CJp38y8Nwt47CUcPW9hTezKgF1-N8L4zHWA9MB6bzy2um8r8aHwk3Y-t5Rft9P9OyjYy6gdoiBI0kWKkLT2YCdrQJABDVlKEZWixU8qS-sMocqLB-UFACmfNPt8AdduNys:1t2oLe:WCbBniaeYhDqF3UX08M8ABqYbltxvwTgfLrjy_uG4ww	2024-11-04 10:05:10.915579+01
2m8s7fgaavbof48zcnsc71q4fauzqwnj	.eJxVjEEOwiAQRe_C2pChQ2nr0r1nIAMzSNVAUtqV8e7apAvd_vfefylP25r91mTxM6uzMqBOv2Og-JCyE75TuVUda1mXOehd0Qdt-lpZnpfD_TvI1PK3Tj0xjUxThIQJgpkEYufA9gGRRnQciFPsAE0SxxbBDIyDoENnLaN6fwAoCThH:1t2nxG:adoEBdRzlDhFy3Ow2olOQeiZCoC9331JPFuP3CxxyXQ	2024-11-04 09:39:58.941096+01
6h2abtqaj8378levhlut4v5v0j7xu5fu	.eJxVjDsOwyAQBe9CHSEWzC9lep8B7QIOTiKQjF1FuXuE5CJp38y8Nwt47CUcPW9hTezKgF1-N8L4zHWA9MB6bzy2um8r8aHwk3Y-t5Rft9P9OyjYy6gdoiBI0kWKkLT2YCdrQJABDVlKEZWixU8qS-sMocqLB-UFACmfNPt8AdduNys:1t2oZB:ciTTLZO4YilJeMkaHkxN5MUH4LGb-2sYwDdPLarFpsM	2024-11-04 10:19:09.635999+01
ln9qn02eogjy4scbjifvxe6x1qq11j0m	.eJxVjEEOwiAQRe_C2pChQ2nr0r1nIAMzSNVAUtqV8e7apAvd_vfefylP25r91mTxM6uzMqBOv2Og-JCyE75TuVUda1mXOehd0Qdt-lpZnpfD_TvI1PK3Tj0xjUxThIQJgpkEYufA9gGRRnQciFPsAE0SxxbBDIyDoENnLaN6fwAoCThH:1t2nzk:glMcL5z6DEFLZpDgv2vOcqrQQrDPOkUzwjMZHv8WouI	2024-11-04 09:42:32.067457+01
0swnvk8oia0xnzkbnvh0z30pc5ok8nne	.eJxVjDsOwyAQBe9CHSEWzC9lep8B7QIOTiKQjF1FuXuE5CJp38y8Nwt47CUcPW9hTezKgF1-N8L4zHWA9MB6bzy2um8r8aHwk3Y-t5Rft9P9OyjYy6gdoiBI0kWKkLT2YCdrQJABDVlKEZWixU8qS-sMocqLB-UFACmfNPt8AdduNys:1t2ofr:cBzUN3fcHB76h1bUpUg5nn5yeDIj4ZAilbk5JYyEF1Y	2024-11-04 10:26:03.722675+01
0se0cuis6lbodqjxd786svhvjniaz0d4	.eJxVjEEOwiAQRe_C2pChQ2nr0r1nIAMzSNVAUtqV8e7apAvd_vfefylP25r91mTxM6uzMqBOv2Og-JCyE75TuVUda1mXOehd0Qdt-lpZnpfD_TvI1PK3Tj0xjUxThIQJgpkEYufA9gGRRnQciFPsAE0SxxbBDIyDoENnLaN6fwAoCThH:1t2o0D:UFpwB98IUhi7kcxPv9p930Ip5ltMzZSHIxa4QEcngaU	2024-11-04 09:43:01.592557+01
vz262zekehpgvmssxcw0gip7cwi7aiy6	.eJxVjDsOwyAQBe9CHSEWzC9lep8B7QIOTiKQjF1FuXuE5CJp38y8Nwt47CUcPW9hTezKgF1-N8L4zHWA9MB6bzy2um8r8aHwk3Y-t5Rft9P9OyjYy6gdoiBI0kWKkLT2YCdrQJABDVlKEZWixU8qS-sMocqLB-UFACmfNPt8AdduNys:1t2ogW:4PJv7Oqe9AiUbPCyA16KFF8zAi54CahGTtmaYRovUhE	2024-11-04 10:26:44.550787+01
kmmq4igjgavxy48olb1rwebpwcafcgoi	.eJxVjEEOwiAQRe_C2pChQ2nr0r1nIAMzSNVAUtqV8e7apAvd_vfefylP25r91mTxM6uzMqBOv2Og-JCyE75TuVUda1mXOehd0Qdt-lpZnpfD_TvI1PK3Tj0xjUxThIQJgpkEYufA9gGRRnQciFPsAE0SxxbBDIyDoENnLaN6fwAoCThH:1t2o3k:OyfQtlgFjQptA5uzGAiEWfcOkc5e0uIFJCyVGIABFYA	2024-11-04 09:46:40.043455+01
mg5l5p84unsungr9lf3ump5k4ynjwxbc	.eJxVjDsOwyAQBe9CHSEWzC9lep8B7QIOTiKQjF1FuXuE5CJp38y8Nwt47CUcPW9hTezKgF1-N8L4zHWA9MB6bzy2um8r8aHwk3Y-t5Rft9P9OyjYy6gdoiBI0kWKkLT2YCdrQJABDVlKEZWixU8qS-sMocqLB-UFACmfNPt8AdduNys:1t2ojE:nbbTmg7x9gu3pm-IdTf-UDS2UVHf7ZHGTuG6ZEtNHWk	2024-11-04 10:29:32.343173+01
phnluvgzn5350hy4foviqh2r19i029vw	.eJxVjEEOwiAQRe_C2pChQ2nr0r1nIAMzSNVAUtqV8e7apAvd_vfefylP25r91mTxM6uzMqBOv2Og-JCyE75TuVUda1mXOehd0Qdt-lpZnpfD_TvI1PK3Tj0xjUxThIQJgpkEYufA9gGRRnQciFPsAE0SxxbBDIyDoENnLaN6fwAoCThH:1t2opd:HFbuI6h2dWCBfUPvhBnx_oGLaXvhAqg5iMJPpLCQKbI	2024-11-04 10:36:09.294721+01
f56i12r12qz53sxkug460u2hq9kw4as4	.eJxVjDsOwyAQBe9CHSEWzC9lep8B7QIOTiKQjF1FuXuE5CJp38y8Nwt47CUcPW9hTezKgF1-N8L4zHWA9MB6bzy2um8r8aHwk3Y-t5Rft9P9OyjYy6gdoiBI0kWKkLT2YCdrQJABDVlKEZWixU8qS-sMocqLB-UFACmfNPt8AdduNys:1t2oqy:iP4zHdoOt5WmT0yels_OLVZNbt0mut6OukmZoaOY_xY	2024-11-04 10:37:32.108381+01
k2usy0ybiomki5jbrqzqb4irif6smgyv	.eJxVjDsOwyAQBe9CHSEWzC9lep8B7QIOTiKQjF1FuXuE5CJp38y8Nwt47CUcPW9hTezKgF1-N8L4zHWA9MB6bzy2um8r8aHwk3Y-t5Rft9P9OyjYy6gdoiBI0kWKkLT2YCdrQJABDVlKEZWixU8qS-sMocqLB-UFACmfNPt8AdduNys:1t2pMh:SR98rlu5RUPkh7XPwolCiSF6dajTklNaZLACALuRJ74	2024-11-04 11:10:19.329028+01
ero8m8lplxbka8bryi6b0480kypldmq7	.eJxVjDsOwyAQBe9CHSEWzC9lep8B7QIOTiKQjF1FuXuE5CJp38y8Nwt47CUcPW9hTezKgF1-N8L4zHWA9MB6bzy2um8r8aHwk3Y-t5Rft9P9OyjYy6gdoiBI0kWKkLT2YCdrQJABDVlKEZWixU8qS-sMocqLB-UFACmfNPt8AdduNys:1t2pMy:dpB0kPZjE4a5EMutBYjaPxwkAl0pGgjFaC_KXj9Z06g	2024-11-04 11:10:36.617898+01
ebb2rsllmo75zemfyiflprcc15wf69cx	.eJxVjDsOwyAQBe9CHSEWzC9lep8B7QIOTiKQjF1FuXuE5CJp38y8Nwt47CUcPW9hTezKgF1-N8L4zHWA9MB6bzy2um8r8aHwk3Y-t5Rft9P9OyjYy6gdoiBI0kWKkLT2YCdrQJABDVlKEZWixU8qS-sMocqLB-UFACmfNPt8AdduNys:1t2pi5:FZV9RTTJULddxDV6DMWMuE0CZ_3UXESVJ6urJFUK7Z8	2024-11-04 11:32:25.932664+01
65qrvnc9vgbpj2ct9nvhxo0cvo6tsw6s	.eJxVjM0OwiAQhN-FsyHhZwE9evcZyMIuUjU0Ke2p8d2VpAed43zfzC4ibmuNW-clTiQuQmlx-i0T5ie3QeiB7T7LPLd1mZIcijxol7eZ-HU93L-Dir1-18AOvLGkcwjWoiGL7M-OrAPkpLQyKSiA4iFkxpyCQZ8MYAllxIv3B_9aOKs:1t2pmO:x1KT7yMfnGCI53ej5q5yiPCT473dMtV7osL3yjAtyZg	2024-11-04 11:36:52.84541+01
cgws6q50tsfw864hk6pg785gw13ymyjt	.eJxVjDsOwyAQBe9CHSEWzC9lep8B7QIOTiKQjF1FuXuE5CJp38y8Nwt47CUcPW9hTezKgF1-N8L4zHWA9MB6bzy2um8r8aHwk3Y-t5Rft9P9OyjYy6gdoiBI0kWKkLT2YCdrQJABDVlKEZWixU8qS-sMocqLB-UFACmfNPt8AdduNys:1t2pn3:r8_rhL7yZrNib8p78cvcfB_RgCtfJlndguGI7OQUNng	2024-11-04 11:37:33.354539+01
f2umoh9l2z3ninyfxr8c6sedclyfwlnr	.eJxVjM0OwiAQhN-FsyHhZwE9evcZyMIuUjU0Ke2p8d2VpAed43zfzC4ibmuNW-clTiQuQmlx-i0T5ie3QeiB7T7LPLd1mZIcijxol7eZ-HU93L-Dir1-18AOvLGkcwjWoiGL7M-OrAPkpLQyKSiA4iFkxpyCQZ8MYAllxIv3B_9aOKs:1t2pnE:lgcBCYoygmCK8vFPCOhIoOADU44pPXEKN8q7GKYqsJI	2024-11-04 11:37:44.509381+01
50zkp1kd5cd8tvjtukbwiamojn81jpm1	.eJxVjM0OwiAQhN-FsyHhZwE9evcZyMIuUjU0Ke2p8d2VpAed43zfzC4ibmuNW-clTiQuQmlx-i0T5ie3QeiB7T7LPLd1mZIcijxol7eZ-HU93L-Dir1-18AOvLGkcwjWoiGL7M-OrAPkpLQyKSiA4iFkxpyCQZ8MYAllxIv3B_9aOKs:1t2ppw:AmTDdBOu377ij7VjXOHRywBWlY6P92smhrlL1roY5Qs	2024-11-04 11:40:32.264592+01
mnclvcrpbv0l7rq26du00iqe7gtbxios	.eJxVjM0OwiAQhN-FsyHhZwE9evcZyMIuUjU0Ke2p8d2VpAed43zfzC4ibmuNW-clTiQuQmlx-i0T5ie3QeiB7T7LPLd1mZIcijxol7eZ-HU93L-Dir1-18AOvLGkcwjWoiGL7M-OrAPkpLQyKSiA4iFkxpyCQZ8MYAllxIv3B_9aOKs:1t2prP:0kEwiwyjeSTVvRXvxi-VbPQMPgA5IqG60BQM0v0ooLc	2024-11-04 11:42:03.509464+01
az61121v0onxss6czirhelov0dnefnl3	.eJxVjDsOwyAQBe9CHSEWzC9lep8B7QIOTiKQjF1FuXuE5CJp38y8Nwt47CUcPW9hTezKgF1-N8L4zHWA9MB6bzy2um8r8aHwk3Y-t5Rft9P9OyjYy6gdoiBI0kWKkLT2YCdrQJABDVlKEZWixU8qS-sMocqLB-UFACmfNPt8AdduNys:1t2ucq:LMtIQqpd2w0uxyypoZ7EhX4KIGZrlAPGAMeJi9Zsa5E	2024-11-04 16:47:20.411557+01
6d0pvb7fzvuffau5xywxofatzi4l39cj	.eJxVjDsOwyAQBe9CHSEWzC9lep8B7QIOTiKQjF1FuXuE5CJp38y8Nwt47CUcPW9hTezKgF1-N8L4zHWA9MB6bzy2um8r8aHwk3Y-t5Rft9P9OyjYy6gdoiBI0kWKkLT2YCdrQJABDVlKEZWixU8qS-sMocqLB-UFACmfNPt8AdduNys:1t2z9Y:fVA74ZFQyF53_12Fh99ICL8MU-DZQAOQhWoL3RL8vVc	2024-11-04 21:37:24.615957+01
mq9frrn3yywsknqm4nr48twsjckj6ik2	.eJxVjM0OwiAQhN-FsyHhZwE9evcZyMIuUjU0Ke2p8d2VpAed43zfzC4ibmuNW-clTiQuQmlx-i0T5ie3QeiB7T7LPLd1mZIcijxol7eZ-HU93L-Dir1-18AOvLGkcwjWoiGL7M-OrAPkpLQyKSiA4iFkxpyCQZ8MYAllxIv3B_9aOKs:1t2ptQ:cLbaMrec9euSWu-EO95oNo3FroE8kLGZSGbUzdkFyWo	2024-11-04 11:44:08.152831+01
hfi4etj0wu1l1kox6vmx3dd78arue1bd	.eJxVjDsOwyAQBe9CHSEWzC9lep8B7QIOTiKQjF1FuXuE5CJp38y8Nwt47CUcPW9hTezKgF1-N8L4zHWA9MB6bzy2um8r8aHwk3Y-t5Rft9P9OyjYy6gdoiBI0kWKkLT2YCdrQJABDVlKEZWixU8qS-sMocqLB-UFACmfNPt8AdduNys:1t2ucz:c3VkeLViH5IjOFdvultW6zEjf8XqV1fkn-cIh3HZMFg	2024-11-04 16:47:29.261264+01
ha97s8k1eaddri6j4m2rfiaguddrmy0c	.eJxVjDsOwyAQBe9CHSEWzC9lep8B7QIOTiKQjF1FuXuE5CJp38y8Nwt47CUcPW9hTezKgF1-N8L4zHWA9MB6bzy2um8r8aHwk3Y-t5Rft9P9OyjYy6gdoiBI0kWKkLT2YCdrQJABDVlKEZWixU8qS-sMocqLB-UFACmfNPt8AdduNys:1t3AC3:oigYrLRKzTz74Zi2scsYW0NUEnmQsgiNirhsHyG0MKs	2024-11-05 09:24:43.756841+01
cfo1kvcq6wt2d02uav15itzz230hkyyy	.eJxVjDkOwjAUBe_iGln-2RxT0nMG628mAWRLcVIh7g6RUkD7Zua9TMRtneJWdYmzmLOB1px-R0J-aN6J3DHfiuWS12Umuyv2oNVei-jzcrh_BxPW6VtT4JG086g9Yw_chgFSYoGBEohCcCMGddx4CICOJGnjvGpqhKCjYN4fNuE5Sg:1t2pun:OAt8opG529Gz235HcpytdTJhc40tErQGl7tIEc2ZFyw	2024-11-04 11:45:33.699319+01
yuclq7pi4mxxc3mm3jzf19i99643c80s	.eJxVjDsOwyAQBe9CHSEWzC9lep8B7QIOTiKQjF1FuXuE5CJp38y8Nwt47CUcPW9hTezKgF1-N8L4zHWA9MB6bzy2um8r8aHwk3Y-t5Rft9P9OyjYy6gdoiBI0kWKkLT2YCdrQJABDVlKEZWixU8qS-sMocqLB-UFACmfNPt8AdduNys:1t2ud9:GJ8wQ08DgPgiwAdyoXjh0wVQPRtwB0OVMjPJXoVbsJ8	2024-11-04 16:47:39.813453+01
9dvodqzr5j0mihuh2idk9lnttm6ng8kv	.eJxVjMEOgjAQRP-lZ9O0dF3Qo3e-gexuF4uaNqFwMv67kHDQ0yTz3szbDLQuaVirzsMUzdWAOf12TPLUvIP4oHwvVkpe5ontrtiDVtuXqK_b4f4dJKppW3vs2hDPoDwCOJbgG98IjLgFwkWIkCGqa1voyEFQYOwYowroyF7M5wvOmzfy:1t3AeE:ljLgi_b3V2MC21wNiPOG-S-6uTGfuAzVqgOj1IBENv0	2024-11-05 09:53:50.558924+01
szwi3ozmb4qqyfx8elm7zccnfaj2pdps	.eJxVjM0OwiAQhN-FsyHhZwE9evcZyMIuUjU0Ke2p8d2VpAed43zfzC4ibmuNW-clTiQuQmlx-i0T5ie3QeiB7T7LPLd1mZIcijxol7eZ-HU93L-Dir1-18AOvLGkcwjWoiGL7M-OrAPkpLQyKSiA4iFkxpyCQZ8MYAllxIv3B_9aOKs:1t2pyT:tDKHKGigWk0HcSOyOJhkBjMY4cQopK0_oZsUZDnHjJI	2024-11-04 11:49:21.766468+01
qb46v9f9a1ewo55q9awtrjn1xtyknhqq	.eJxVjDsOwyAQBe9CHSEWzC9lep8B7QIOTiKQjF1FuXuE5CJp38y8Nwt47CUcPW9hTezKgF1-N8L4zHWA9MB6bzy2um8r8aHwk3Y-t5Rft9P9OyjYy6gdoiBI0kWKkLT2YCdrQJABDVlKEZWixU8qS-sMocqLB-UFACmfNPt8AdduNys:1t2udJ:yHEHcJOEwcu-tBGr5G0FA8BeYT2HHM05Y7NRQFY8WUI	2024-11-04 16:47:49.129111+01
jcurn41iuhbkac6l6r37yiw4m5afkl5l	.eJxVjMEOgjAQRP-lZ9O0dF3Qo3e-gexuF4uaNqFwMv67kHDQ0yTz3szbDLQuaVirzsMUzdWAOf12TPLUvIP4oHwvVkpe5ontrtiDVtuXqK_b4f4dJKppW3vs2hDPoDwCOJbgG98IjLgFwkWIkCGqa1voyEFQYOwYowroyF7M5wvOmzfy:1t3B6N:XMtOpYp_IxU5YEn9WlZEvHmKzHvyiNQ4aB9EKLUWip8	2024-11-05 10:22:55.301764+01
4ain4ec43xutlprfybnuca5hq67thr7n	.eJxVjM0OwiAQhN-FsyHhZwE9evcZyMIuUjU0Ke2p8d2VpAed43zfzC4ibmuNW-clTiQuQmlx-i0T5ie3QeiB7T7LPLd1mZIcijxol7eZ-HU93L-Dir1-18AOvLGkcwjWoiGL7M-OrAPkpLQyKSiA4iFkxpyCQZ8MYAllxIv3B_9aOKs:1t2pzY:0KXSRLAOL536YRxYrrtdQcOu6nH9wmrjELQZPq8Yw84	2024-11-04 11:50:28.150181+01
gcg56i6o6r6dl6p02au6y2qivg3moons	.eJxVjMsOwiAQAP-FsyHuYlnw6L3fQJaXVA0kpT0Z_92Q9KDXmcm8heN9K27vaXVLFFcBJE6_0HN4pjpMfHC9Nxla3dbFy5HIw3Y5t5het6P9GxTuZXzxwmyzBgDyBNnoSCYrPym0OkBAChpRG5o8kkrEkFM6o_UKFFtN4vMF6Eo3Hw:1t2udn:ETxPQjrd21gtv26n32g-tWHuLOjdbrQDxcmbCg5VsNg	2024-11-04 16:48:19.120475+01
ckiw9mvv87ucmddum4sgf5ukrgjcg1ux	.eJxVjMEOgjAQRP-lZ9O0dF3Qo3e-gexuF4uaNqFwMv67kHDQ0yTz3szbDLQuaVirzsMUzdWAOf12TPLUvIP4oHwvVkpe5ontrtiDVtuXqK_b4f4dJKppW3vs2hDPoDwCOJbgG98IjLgFwkWIkCGqa1voyEFQYOwYowroyF7M5wvOmzfy:1t3BY5:O-CUB1m-6kvE3Ib6Q9ye4PSEkVGpjK6y44AcOniEQFU	2024-11-05 10:51:33.195863+01
jvjxeqn25c6irvrauw0tlcdcebyrltg1	.eJxVjM0OwiAQhN-FsyHhZwE9evcZyMIuUjU0Ke2p8d2VpAed43zfzC4ibmuNW-clTiQuQmlx-i0T5ie3QeiB7T7LPLd1mZIcijxol7eZ-HU93L-Dir1-18AOvLGkcwjWoiGL7M-OrAPkpLQyKSiA4iFkxpyCQZ8MYAllxIv3B_9aOKs:1t2q7g:lmQQi25MnxNpru8k1pdx5WnvCRoYD8bOab_MsWK1iMQ	2024-11-04 11:58:52.004292+01
wbwmodnx0c7ri8gl8adei3a5f4y1ze32	.eJxVjDsOwyAQBe9CHSEWzC9lep8B7QIOTiKQjF1FuXuE5CJp38y8Nwt47CUcPW9hTezKgF1-N8L4zHWA9MB6bzy2um8r8aHwk3Y-t5Rft9P9OyjYy6gdoiBI0kWKkLT2YCdrQJABDVlKEZWixU8qS-sMocqLB-UFACmfNPt8AdduNys:1t2uhh:yhd3m9JTZewDnt2ZfPq5h4E3MrbXxnSMXwxltLCOkRQ	2024-11-04 16:52:21.350287+01
wpch7o1nueps2q1dioe7libw38p9hczd	.eJxVjMEOgjAQRP-lZ9O0dF3Qo3e-gexuF4uaNqFwMv67kHDQ0yTz3szbDLQuaVirzsMUzdWAOf12TPLUvIP4oHwvVkpe5ontrtiDVtuXqK_b4f4dJKppW3vs2hDPoDwCOJbgG98IjLgFwkWIkCGqa1voyEFQYOwYowroyF7M5wvOmzfy:1t3Bb0:XE7lyhTOVYYCrTTJPDUSqphqH7rnPDRoU37060Na8nA	2024-11-05 10:54:34.906682+01
jovc5eh5nntur7pdmdxvazqihxttzh1j	.eJxVjM0OwiAQhN-FsyHhZwE9evcZyMIuUjU0Ke2p8d2VpAed43zfzC4ibmuNW-clTiQuQmlx-i0T5ie3QeiB7T7LPLd1mZIcijxol7eZ-HU93L-Dir1-18AOvLGkcwjWoiGL7M-OrAPkpLQyKSiA4iFkxpyCQZ8MYAllxIv3B_9aOKs:1t2qFx:UQ5tRJXZbcKQSAV0puWqPDRIAEdkaKnibqkyTYZFG7Y	2024-11-04 12:07:25.546047+01
yco4a7yzjwr0mb31eha3cs3781593oah	.eJxVjDsOwyAQBe9CHSEWzC9lep8B7QIOTiKQjF1FuXuE5CJp38y8Nwt47CUcPW9hTezKgF1-N8L4zHWA9MB6bzy2um8r8aHwk3Y-t5Rft9P9OyjYy6gdoiBI0kWKkLT2YCdrQJABDVlKEZWixU8qS-sMocqLB-UFACmfNPt8AdduNys:1t2uip:VGlKQ1lNE-32n0k4uwHKvgFgKxlvR-qaBwDGEh-OoTE	2024-11-04 16:53:31.466563+01
5vemjq6blacaxoqqiz1bvx652fserzp7	.eJxVjDsOwyAQBe9CHSEWzC9lep8B7QIOTiKQjF1FuXuE5CJp38y8Nwt47CUcPW9hTezKgF1-N8L4zHWA9MB6bzy2um8r8aHwk3Y-t5Rft9P9OyjYy6gdoiBI0kWKkLT2YCdrQJABDVlKEZWixU8qS-sMocqLB-UFACmfNPt8AdduNys:1t3BoF:mSlhXfnr4n6_-PZRH8L3gQ_amxQYjul7wXY_zkLSTGg	2024-11-05 11:08:15.83812+01
npttiqseeo631x03qmq5tbh2g82fmebt	.eJxVjM0OwiAQhN-FsyHhZwE9evcZyMIuUjU0Ke2p8d2VpAed43zfzC4ibmuNW-clTiQuQmlx-i0T5ie3QeiB7T7LPLd1mZIcijxol7eZ-HU93L-Dir1-18AOvLGkcwjWoiGL7M-OrAPkpLQyKSiA4iFkxpyCQZ8MYAllxIv3B_9aOKs:1t2qI0:sQm9Cd5cwnspb_0m14-buPZGa-EQPoQqgnJAZpkB0OU	2024-11-04 12:09:32.696184+01
ohwdvdoqw55xf0r5mawazl1gf2riires	.eJxVjDsOwyAQBe9CHSEWzC9lep8B7QIOTiKQjF1FuXuE5CJp38y8Nwt47CUcPW9hTezKgF1-N8L4zHWA9MB6bzy2um8r8aHwk3Y-t5Rft9P9OyjYy6gdoiBI0kWKkLT2YCdrQJABDVlKEZWixU8qS-sMocqLB-UFACmfNPt8AdduNys:1t2utv:Gi-p667qptYese1rihgv0sGvIsHNl9Z3vjVe1lVBo1k	2024-11-04 17:04:59.702533+01
c86r0suujeefhka7hxdhbk9tt2pt49n6	.eJxVjDsOwyAQBe9CHSEWzC9lep8B7QIOTiKQjF1FuXuE5CJp38y8Nwt47CUcPW9hTezKgF1-N8L4zHWA9MB6bzy2um8r8aHwk3Y-t5Rft9P9OyjYy6gdoiBI0kWKkLT2YCdrQJABDVlKEZWixU8qS-sMocqLB-UFACmfNPt8AdduNys:1t3Bu6:sTL4TUO96p66oFoFUnyczOG60aBNS4a5Nynd100EcrY	2024-11-05 11:14:18.763112+01
1bclv4lluncfpw0pdjbnorhg1tbaztju	.eJxVjM0OwiAQhN-FsyHhZwE9evcZyMIuUjU0Ke2p8d2VpAed43zfzC4ibmuNW-clTiQuQmlx-i0T5ie3QeiB7T7LPLd1mZIcijxol7eZ-HU93L-Dir1-18AOvLGkcwjWoiGL7M-OrAPkpLQyKSiA4iFkxpyCQZ8MYAllxIv3B_9aOKs:1t2qP8:QNMHqU_6ldWpGn3IZg5iAx53-Ag_fE-yVYcoq8BNYZk	2024-11-04 12:16:54.932786+01
0c4pctgsl6e3qoa6wvg5q54chsgbhhzk	.eJxVjDsOwyAQBe9CHSEWzC9lep8B7QIOTiKQjF1FuXuE5CJp38y8Nwt47CUcPW9hTezKgF1-N8L4zHWA9MB6bzy2um8r8aHwk3Y-t5Rft9P9OyjYy6gdoiBI0kWKkLT2YCdrQJABDVlKEZWixU8qS-sMocqLB-UFACmfNPt8AdduNys:1t2v6z:sgNRU6MuTzySbGcGxeEJWdpCB_PD9CgXCm-eFxB04n0	2024-11-04 17:18:29.618116+01
cqvjz0c3gstd9p5vvay12gr6j1o1y3dj	.eJxVjDsOwyAQBe9CHSEWzC9lep8B7QIOTiKQjF1FuXuE5CJp38y8Nwt47CUcPW9hTezKgF1-N8L4zHWA9MB6bzy2um8r8aHwk3Y-t5Rft9P9OyjYy6gdoiBI0kWKkLT2YCdrQJABDVlKEZWixU8qS-sMocqLB-UFACmfNPt8AdduNys:1t3CMH:LBGNwMJu_nTO-Mw4Lc8QkAK8Hm7RFkGdJqAiVPky6QE	2024-11-05 11:43:25.702161+01
vtd0u6ntt0kieqhf1ncgztekvlafj7ev	.eJxVjM0OwiAQhN-FsyHhZwE9evcZyMIuUjU0Ke2p8d2VpAed43zfzC4ibmuNW-clTiQuQmlx-i0T5ie3QeiB7T7LPLd1mZIcijxol7eZ-HU93L-Dir1-18AOvLGkcwjWoiGL7M-OrAPkpLQyKSiA4iFkxpyCQZ8MYAllxIv3B_9aOKs:1t2qW8:-7bH8WXVGwI1WGMVEpF-uyZBJ1c0C390X4Usyy9m3Cs	2024-11-04 12:24:08.301165+01
bco0othfrs1pb4wol8oxfj7flcqqkycz	.eJxVjMEOgjAQRP-lZ9O0dF3Qo3e-gexuF4uaNqFwMv67kHDQ0yTz3szbDLQuaVirzsMUzdWAOf12TPLUvIP4oHwvVkpe5ontrtiDVtuXqK_b4f4dJKppW3vs2hDPoDwCOJbgG98IjLgFwkWIkCGqa1voyEFQYOwYowroyF7M5wvOmzfy:1t2v7g:c4__y2HYInZQt_Bhrv8axyusqXleP0P-wS0x3nog9Yo	2024-11-04 17:19:12.946354+01
9jsnd9totfvqlatw4vwyi39fhjr5mn61	.eJxVjMEOgjAQRP-lZ9O0dF3Qo3e-gexuF4uaNqFwMv67kHDQ0yTz3szbDLQuaVirzsMUzdWAOf12TPLUvIP4oHwvVkpe5ontrtiDVtuXqK_b4f4dJKppW3vs2hDPoDwCOJbgG98IjLgFwkWIkCGqa1voyEFQYOwYowroyF7M5wvOmzfy:1t3CMd:BAUSW-DlUx4KAUexmIZ_D2pebIj54Z9c_aqwWZ-iaI4	2024-11-05 11:43:47.057392+01
dif1afunnpicxcnyre8mwisgypvzt5a6	.eJxVjM0OwiAQhN-FsyHhZwE9evcZyMIuUjU0Ke2p8d2VpAed43zfzC4ibmuNW-clTiQuQmlx-i0T5ie3QeiB7T7LPLd1mZIcijxol7eZ-HU93L-Dir1-18AOvLGkcwjWoiGL7M-OrAPkpLQyKSiA4iFkxpyCQZ8MYAllxIv3B_9aOKs:1t2qZo:JCPSiIk1bZpWn9iU2GM_Zr00qyMtuSbY7vcMt5mne58	2024-11-04 12:27:56.21283+01
b3pwu12khgc0uoxivw5v8thu0iss5qjm	.eJxVjDsOwyAQBe9CHSEWzC9lep8B7QIOTiKQjF1FuXuE5CJp38y8Nwt47CUcPW9hTezKgF1-N8L4zHWA9MB6bzy2um8r8aHwk3Y-t5Rft9P9OyjYy6gdoiBI0kWKkLT2YCdrQJABDVlKEZWixU8qS-sMocqLB-UFACmfNPt8AdduNys:1t2v7u:TaQgny9w3hhW5ODsu0P9VPTTQsxFUXLv03rSR_l-qw4	2024-11-04 17:19:26.055519+01
f17xwag5h4ksju9rqq0myg14uam42bhv	.eJxVjDsOwyAQBe9CHSEWzC9lep8B7QIOTiKQjF1FuXuE5CJp38y8Nwt47CUcPW9hTezKgF1-N8L4zHWA9MB6bzy2um8r8aHwk3Y-t5Rft9P9OyjYy6gdoiBI0kWKkLT2YCdrQJABDVlKEZWixU8qS-sMocqLB-UFACmfNPt8AdduNys:1t3CN2:CJhP51DyHNcHkfyo1NXUaAOqUwxt7IPkcMuWpJKrYEs	2024-11-05 11:44:12.995794+01
1676vib8m3em9ng3dp76yni3bftw5fwj	.eJxVjDsOwyAQBe9CHSEWzC9lep8B7QIOTiKQjF1FuXuE5CJp38y8Nwt47CUcPW9hTezKgF1-N8L4zHWA9MB6bzy2um8r8aHwk3Y-t5Rft9P9OyjYy6gdoiBI0kWKkLT2YCdrQJABDVlKEZWixU8qS-sMocqLB-UFACmfNPt8AdduNys:1t2qto:EMcLLntZw4-i6te4Q6IUldqO4He833XyXHyEyrFpuGs	2024-11-04 12:48:36.48431+01
cswfhnio0z9vv9kxkxkob9aihkf3ufyf	.eJxVjDsOwyAQBe9CHSEWzC9lep8B7QIOTiKQjF1FuXuE5CJp38y8Nwt47CUcPW9hTezKgF1-N8L4zHWA9MB6bzy2um8r8aHwk3Y-t5Rft9P9OyjYy6gdoiBI0kWKkLT2YCdrQJABDVlKEZWixU8qS-sMocqLB-UFACmfNPt8AdduNys:1t3CRR:4icBxbUImBmbT2Wn_RX0TTbWvMBTya69l9_dwxEfMqE	2024-11-05 11:48:45.669097+01
tj08la1m1ldmcwtifyhj4waywltxf0b6	.eJxVjDsOwyAQBe9CHSEWzC9lep8B7QIOTiKQjF1FuXuE5CJp38y8Nwt47CUcPW9hTezKgF1-N8L4zHWA9MB6bzy2um8r8aHwk3Y-t5Rft9P9OyjYy6gdoiBI0kWKkLT2YCdrQJABDVlKEZWixU8qS-sMocqLB-UFACmfNPt8AdduNys:1t2vHP:3A6EOazZxoM5rdmQQOIU9htBLiRqKJLwwzYN8ywCbgU	2024-11-04 17:29:15.501773+01
ft4m1c6c6a3on6frih3hwi7mklqye2n2	.eJxVjDsOwyAQBe9CHSEWzC9lep8B7QIOTiKQjF1FuXuE5CJp38y8Nwt47CUcPW9hTezKgF1-N8L4zHWA9MB6bzy2um8r8aHwk3Y-t5Rft9P9OyjYy6gdoiBI0kWKkLT2YCdrQJABDVlKEZWixU8qS-sMocqLB-UFACmfNPt8AdduNys:1t2r7B:lY6BqngipX-pVIZvqh0bcRaRAXiWM0-EreDwXB4aTUc	2024-11-04 13:02:25.691445+01
4k30k91n8itwlru2uyqh3f71hj6qi1du	.eJxVjDsOwyAQBe9CHSEWzC9lep8B7QIOTiKQjF1FuXuE5CJp38y8Nwt47CUcPW9hTezKgF1-N8L4zHWA9MB6bzy2um8r8aHwk3Y-t5Rft9P9OyjYy6gdoiBI0kWKkLT2YCdrQJABDVlKEZWixU8qS-sMocqLB-UFACmfNPt8AdduNys:1t3CoE:kPACMBYc3yxpysv836N7Sv0RecZEVdLANI-Ij8LTzFM	2024-11-05 12:12:18.508684+01
duh6gilshi2bfiguwct1j7wv4s49gflm	.eJxVjDsOwyAQBe9CHSEWzC9lep8B7QIOTiKQjF1FuXuE5CJp38y8Nwt47CUcPW9hTezKgF1-N8L4zHWA9MB6bzy2um8r8aHwk3Y-t5Rft9P9OyjYy6gdoiBI0kWKkLT2YCdrQJABDVlKEZWixU8qS-sMocqLB-UFACmfNPt8AdduNys:1t2rAR:qZ91d0ZC0gf3DPveP4A3bXTGlYgO7I3Ac4c3FT8Kmu0	2024-11-04 13:05:47.631333+01
s6hpcghjilr8gm63h5a5gtwvemdy5pgd	.eJxVjMEOgjAQRP-lZ9O0dF3Qo3e-gexuF4uaNqFwMv67kHDQ0yTz3szbDLQuaVirzsMUzdWAOf12TPLUvIP4oHwvVkpe5ontrtiDVtuXqK_b4f4dJKppW3vs2hDPoDwCOJbgG98IjLgFwkWIkCGqa1voyEFQYOwYowroyF7M5wvOmzfy:1t3Coz:GOOhxzA7s6vtY0jE78-elTEpDsDag6M19cuph-I24lw	2024-11-05 12:13:05.250442+01
c7t8j4t9nh8fkb8g1lk0y1nllwy0ldbq	.eJxVjDsOwyAQBe9CHSEWzC9lep8B7QIOTiKQjF1FuXuE5CJp38y8Nwt47CUcPW9hTezKgF1-N8L4zHWA9MB6bzy2um8r8aHwk3Y-t5Rft9P9OyjYy6gdoiBI0kWKkLT2YCdrQJABDVlKEZWixU8qS-sMocqLB-UFACmfNPt8AdduNys:1t2rXz:Zwcg_oBt1w2TuiFWfyT2V2mkhW7C1ws_1TPm_p_EHXk	2024-11-04 13:30:07.551901+01
7w8i66uz3tgrw18pcal7uyzqk0xqx5vt	.eJxVjMEOgjAQRP-lZ9O0dF3Qo3e-gexuF4uaNqFwMv67kHDQ0yTz3szbDLQuaVirzsMUzdWAOf12TPLUvIP4oHwvVkpe5ontrtiDVtuXqK_b4f4dJKppW3vs2hDPoDwCOJbgG98IjLgFwkWIkCGqa1voyEFQYOwYowroyF7M5wvOmzfy:1t3Crc:s-nLDZJBJDtV-VBYEcxFLeD8rmyU8OLQqpYxrHR_pao	2024-11-05 12:15:48.588092+01
54p7pbgjfropmsabp7x31w7iqymj3vr4	.eJxVjDsOwyAQBe9CHSEWzC9lep8B7QIOTiKQjF1FuXuE5CJp38y8Nwt47CUcPW9hTezKgF1-N8L4zHWA9MB6bzy2um8r8aHwk3Y-t5Rft9P9OyjYy6gdoiBI0kWKkLT2YCdrQJABDVlKEZWixU8qS-sMocqLB-UFACmfNPt8AdduNys:1t2rd3:iIbnO8VY2mQ5f6x1U_Z3h8JpAM7yBuMUgj85TqTfnUo	2024-11-04 13:35:21.030314+01
3k287zgwr6fx3s4gfp5gp5p6ovs4yc6j	.eJxVjMEOgjAQRP-lZ9O0dF3Qo3e-gexuF4uaNqFwMv67kHDQ0yTz3szbDLQuaVirzsMUzdWAOf12TPLUvIP4oHwvVkpe5ontrtiDVtuXqK_b4f4dJKppW3vs2hDPoDwCOJbgG98IjLgFwkWIkCGqa1voyEFQYOwYowroyF7M5wvOmzfy:1t3CsG:bbrKrGwemzTl29zG28100XsLXv8tg2Cw0eDy6YyjzzI	2024-11-05 12:16:28.537629+01
feaes0zi9sdsc5fv865vjtdu9a51wcpl	.eJxVjDsOwyAQBe9CHSEWzC9lep8B7QIOTiKQjF1FuXuE5CJp38y8Nwt47CUcPW9hTezKgF1-N8L4zHWA9MB6bzy2um8r8aHwk3Y-t5Rft9P9OyjYy6gdoiBI0kWKkLT2YCdrQJABDVlKEZWixU8qS-sMocqLB-UFACmfNPt8AdduNys:1t2rhN:3xHXLFurAAOa7GaY_wEBVrL2owcZZDvJtA4aTXUmy7k	2024-11-04 13:39:49.811893+01
w05m2hqz7zh5ss0xngwp25ggj01v0tzl	.eJxVjMEOgjAQRP-lZ9O0dF3Qo3e-gexuF4uaNqFwMv67kHDQ0yTz3szbDLQuaVirzsMUzdWAOf12TPLUvIP4oHwvVkpe5ontrtiDVtuXqK_b4f4dJKppW3vs2hDPoDwCOJbgG98IjLgFwkWIkCGqa1voyEFQYOwYowroyF7M5wvOmzfy:1t3Cuk:CTxmcU2jgAPtmiy5yDfxCGFjzdN1hZRaqzVSzbMIgso	2024-11-05 12:19:02.986278+01
cqq2x3q15jw2m90qt0wk2tqpls68lro2	.eJxVjDsOwyAQBe9CHSEWzC9lep8B7QIOTiKQjF1FuXuE5CJp38y8Nwt47CUcPW9hTezKgF1-N8L4zHWA9MB6bzy2um8r8aHwk3Y-t5Rft9P9OyjYy6gdoiBI0kWKkLT2YCdrQJABDVlKEZWixU8qS-sMocqLB-UFACmfNPt8AdduNys:1t2riI:7lQbiE09bvlBPWNjwA0203-4T56hmIaVRltjhDrMS-Q	2024-11-04 13:40:46.395247+01
zxzmdh3dru9tgm2lugemhyp96hiii9pf	.eJxVjDsOwyAQBe9CHSEWzC9lep8B7QIOTiKQjF1FuXuE5CJp38y8Nwt47CUcPW9hTezKgF1-N8L4zHWA9MB6bzy2um8r8aHwk3Y-t5Rft9P9OyjYy6gdoiBI0kWKkLT2YCdrQJABDVlKEZWixU8qS-sMocqLB-UFACmfNPt8AdduNys:1t2ro3:22wncwgOwIY-MKtvijMcP5NVXTk4VucQ4whIzp9SAYI	2024-11-04 13:46:43.242861+01
4u9842xhvy7njqwg1ksvnk89smwvu64n	.eJxVjDsOwyAQBe9CHSEWzC9lep8B7QIOTiKQjF1FuXuE5CJp38y8Nwt47CUcPW9hTezKgF1-N8L4zHWA9MB6bzy2um8r8aHwk3Y-t5Rft9P9OyjYy6gdoiBI0kWKkLT2YCdrQJABDVlKEZWixU8qS-sMocqLB-UFACmfNPt8AdduNys:1t2rv1:Ia9BxH-aNH1DF5QpUmexxYMpD33MAzruto60vmnXby0	2024-11-04 13:53:55.068139+01
oxlb7p3l3c0keyh5ie50s9y0vyqii0ap	.eJxVjDsOwyAQBe9CHSEWzC9lep8B7QIOTiKQjF1FuXuE5CJp38y8Nwt47CUcPW9hTezKgF1-N8L4zHWA9MB6bzy2um8r8aHwk3Y-t5Rft9P9OyjYy6gdoiBI0kWKkLT2YCdrQJABDVlKEZWixU8qS-sMocqLB-UFACmfNPt8AdduNys:1t2rxm:bYSjLMezWoHSfdk20fPCuD5gRDJ3EyD49Zjrh1OYdcQ	2024-11-04 13:56:46.230353+01
b8o0tkdwmhiqre6yzuwqonhp0iicb8bz	.eJxVjDsOwyAQBe9CHSEWzC9lep8B7QIOTiKQjF1FuXuE5CJp38y8Nwt47CUcPW9hTezKgF1-N8L4zHWA9MB6bzy2um8r8aHwk3Y-t5Rft9P9OyjYy6gdoiBI0kWKkLT2YCdrQJABDVlKEZWixU8qS-sMocqLB-UFACmfNPt8AdduNys:1t2s7a:uEkxcv8VZUWX3oMKof8p2ZbL-8GQ4FRlUeQFnc1ohns	2024-11-04 14:06:54.482864+01
shwzgnyostt3olw4uv7n0iblbxrvcrps	.eJxVjDsOwyAQBe9CHSEWzC9lep8B7QIOTiKQjF1FuXuE5CJp38y8Nwt47CUcPW9hTezKgF1-N8L4zHWA9MB6bzy2um8r8aHwk3Y-t5Rft9P9OyjYy6gdoiBI0kWKkLT2YCdrQJABDVlKEZWixU8qS-sMocqLB-UFACmfNPt8AdduNys:1t2s8O:rCdEu3nLcKc79Se9hbLXB6J-maPnQxzwy8xVJdYO29Q	2024-11-04 14:07:44.796718+01
f7jog5ipqbraeu2zcgq97znfof0lic45	.eJxVjDsOwyAQBe9CHSEWzC9lep8B7QIOTiKQjF1FuXuE5CJp38y8Nwt47CUcPW9hTezKgF1-N8L4zHWA9MB6bzy2um8r8aHwk3Y-t5Rft9P9OyjYy6gdoiBI0kWKkLT2YCdrQJABDVlKEZWixU8qS-sMocqLB-UFACmfNPt8AdduNys:1t2s9n:iTe30Bwl4W0xlL9kD_Cd6upVkj87j5yiCJM6X8ruZlA	2024-11-04 14:09:11.450801+01
fqzce6j7pvsx6b3utk9b9m6paa7y41by	.eJxVjDsOwyAQBe9CHSEWzC9lep8B7QIOTiKQjF1FuXuE5CJp38y8Nwt47CUcPW9hTezKgF1-N8L4zHWA9MB6bzy2um8r8aHwk3Y-t5Rft9P9OyjYy6gdoiBI0kWKkLT2YCdrQJABDVlKEZWixU8qS-sMocqLB-UFACmfNPt8AdduNys:1t2sEE:4WITQyRcHuCHzQ26XWEm23q7IsyzaAlnugBAGv5hzo8	2024-11-04 14:13:46.165801+01
1gxrcfi3hrssoxi7skhdl5oekrxqtzx0	.eJxVjEEOwiAQRe_C2pChQ2nr0r1nIAMzSNVAUtqV8e7apAvd_vfefylP25r91mTxM6uzMqBOv2Og-JCyE75TuVUda1mXOehd0Qdt-lpZnpfD_TvI1PK3Tj0xjUxThIQJgpkEYufA9gGRRnQciFPsAE0SxxbBDIyDoENnLaN6fwAoCThH:1t2sFE:JKncGTGCOPrIeGMKctV2TmmBjEjFSKHjTEQZ92rJ__E	2024-11-04 14:14:48.902178+01
mb77arhxmost6e5p9a7wd5bwxnuozq4o	.eJxVjEEOwiAQRe_C2pChQ2nr0r1nIAMzSNVAUtqV8e7apAvd_vfefylP25r91mTxM6uzMqBOv2Og-JCyE75TuVUda1mXOehd0Qdt-lpZnpfD_TvI1PK3Tj0xjUxThIQJgpkEYufA9gGRRnQciFPsAE0SxxbBDIyDoENnLaN6fwAoCThH:1t2sGr:radxHU3Ib6mzPCkMklRpHWl5bSYV7eF9HwCQJmAqqTw	2024-11-04 14:16:29.517323+01
9hfsti5wvzipy8jiq0qw5e87hcqalkly	.eJxVjEEOwiAQRe_C2pChQ2nr0r1nIAMzSNVAUtqV8e7apAvd_vfefylP25r91mTxM6uzMqBOv2Og-JCyE75TuVUda1mXOehd0Qdt-lpZnpfD_TvI1PK3Tj0xjUxThIQJgpkEYufA9gGRRnQciFPsAE0SxxbBDIyDoENnLaN6fwAoCThH:1t2sHK:XnmfRzvwvCcwcWv_JUv0debm7mYtmcc6ZlVUKCAUesM	2024-11-04 14:16:58.642596+01
z3388gbxao773pmnfgosedlmzco7qliq	.eJxVjDsOwyAQBe9CHSEWzC9lep8B7QIOTiKQjF1FuXuE5CJp38y8Nwt47CUcPW9hTezKgF1-N8L4zHWA9MB6bzy2um8r8aHwk3Y-t5Rft9P9OyjYy6gdoiBI0kWKkLT2YCdrQJABDVlKEZWixU8qS-sMocqLB-UFACmfNPt8AdduNys:1t2sQI:Fn7n9YbPFY3LCN4Fcm_bZ49WAroAabzaQYknF7h2Kwk	2024-11-04 14:26:14.634347+01
rnagpk5m1p59lkj0rpgcr0mkp5zo426e	.eJxVjEEOwiAQRe_C2pChQ2nr0r1nIAMzSNVAUtqV8e7apAvd_vfefylP25r91mTxM6uzMqBOv2Og-JCyE75TuVUda1mXOehd0Qdt-lpZnpfD_TvI1PK3Tj0xjUxThIQJgpkEYufA9gGRRnQciFPsAE0SxxbBDIyDoENnLaN6fwAoCThH:1t2sSM:KYWUb6LEybdpab1uYjsZapfDz7ZPqxFWS23D9vEoLvE	2024-11-04 14:28:22.826175+01
h1c1grginrweuex8g013dwikibka0e15	.eJxVjDsOwyAQBe9CHSEWzC9lep8B7QIOTiKQjF1FuXuE5CJp38y8Nwt47CUcPW9hTezKgF1-N8L4zHWA9MB6bzy2um8r8aHwk3Y-t5Rft9P9OyjYy6gdoiBI0kWKkLT2YCdrQJABDVlKEZWixU8qS-sMocqLB-UFACmfNPt8AdduNys:1t2sU9:y8OG8-q5-NKhceOj_k9ucB5UQAsJVN5jNE5TNSw9wvw	2024-11-04 14:30:13.360017+01
vs880ulhy2r1e92mcsyduv785pxhas3q	.eJxVjEEOwiAQRe_C2pChQ2nr0r1nIAMzSNVAUtqV8e7apAvd_vfefylP25r91mTxM6uzMqBOv2Og-JCyE75TuVUda1mXOehd0Qdt-lpZnpfD_TvI1PK3Tj0xjUxThIQJgpkEYufA9gGRRnQciFPsAE0SxxbBDIyDoENnLaN6fwAoCThH:1t2sYA:8tCuwZFe76EpaGLoxy8l_YblL8gvHkp3JKC6AdvuY_8	2024-11-04 14:34:22.108209+01
5fvzwcxddd0sx6bnt26rnjbf6yomvo49	.eJxVjEEOwiAQRe_C2pChQ2nr0r1nIAMzSNVAUtqV8e7apAvd_vfefylP25r91mTxM6uzMqBOv2Og-JCyE75TuVUda1mXOehd0Qdt-lpZnpfD_TvI1PK3Tj0xjUxThIQJgpkEYufA9gGRRnQciFPsAE0SxxbBDIyDoENnLaN6fwAoCThH:1t2sYS:lY1PacgqF9mGnAosQUkeefkQXe3OnF6sY7Hib_HqNh4	2024-11-04 14:34:40.596784+01
ypdsuz5pzsx8sg8ykzww6sah43f2k8eb	.eJxVjDsOwyAQBe9CHSEWzC9lep8B7QIOTiKQjF1FuXuE5CJp38y8Nwt47CUcPW9hTezKgF1-N8L4zHWA9MB6bzy2um8r8aHwk3Y-t5Rft9P9OyjYy6gdoiBI0kWKkLT2YCdrQJABDVlKEZWixU8qS-sMocqLB-UFACmfNPt8AdduNys:1t2sgk:QdmHbLZqkFMscC5iu2o5LUhwRswTn5AseTAhfgSlvWk	2024-11-04 14:43:14.826073+01
iuzd7fombjz42g6llu0arfisgu2woidm	.eJxVjDsOwyAQBe9CHSEWzC9lep8B7QIOTiKQjF1FuXuE5CJp38y8Nwt47CUcPW9hTezKgF1-N8L4zHWA9MB6bzy2um8r8aHwk3Y-t5Rft9P9OyjYy6gdoiBI0kWKkLT2YCdrQJABDVlKEZWixU8qS-sMocqLB-UFACmfNPt8AdduNys:1t2sj9:ol804Aw_LmcOJ8xKrmVkLNU84Axs4SltdkX8YqMd7iM	2024-11-04 14:45:43.640354+01
y58qaku6cn3comw0nkp6qx79dl1hmtdl	.eJxVjDsOwyAQBe9CHSEWzC9lep8B7QIOTiKQjF1FuXuE5CJp38y8Nwt47CUcPW9hTezKgF1-N8L4zHWA9MB6bzy2um8r8aHwk3Y-t5Rft9P9OyjYy6gdoiBI0kWKkLT2YCdrQJABDVlKEZWixU8qS-sMocqLB-UFACmfNPt8AdduNys:1t2svM:xd8rhceddxKdV0Rg14N39-jkHR-8E7mYJbL57ThLA6Y	2024-11-04 14:58:20.587362+01
i0v63wybahucjthnod5lbvp5n104xhdw	.eJxVjEEOwiAQRe_C2hCQCTAu3XsGMgNTqRqalHbVeHdt0oVu_3vvbyrRutS0dpnTWNRFWVCn35EpP6XtpDyo3Sedp7bMI-td0Qft-jYVeV0P9--gUq_f2kkObshoIgIwCaJ4sEzBE5x9NoJgvUETnENCzkMMDiRyBACPBtX7A_0DNzk:1t2t4V:DCt16Fi8wIJ56ipMqNvfKlt32GxErJ2-kp8VXbqfb3I	2024-11-04 15:07:47.760347+01
m2oahbjiy1dr8d486va9ocqdz2yfb1z5	.eJxVjEEOwiAQRe_C2pChQ2nr0r1nIAMzSNVAUtqV8e7apAvd_vfefylP25r91mTxM6uzMqBOv2Og-JCyE75TuVUda1mXOehd0Qdt-lpZnpfD_TvI1PK3Tj0xjUxThIQJgpkEYufA9gGRRnQciFPsAE0SxxbBDIyDoENnLaN6fwAoCThH:1t2t5O:GCvezmBnlBkwPvxUQg94Hbf3cbfwxaqIhu4_Y2r0O50	2024-11-04 15:08:42.435899+01
3qi3m5qbz8kw1cah04yt0219sjohbg37	.eJxVjM0OwiAQhN-FsyHhZwE9evcZyMIuUjU0Ke2p8d2VpAed43zfzC4ibmuNW-clTiQuQmlx-i0T5ie3QeiB7T7LPLd1mZIcijxol7eZ-HU93L-Dir1-18AOvLGkcwjWoiGL7M-OrAPkpLQyKSiA4iFkxpyCQZ8MYAllxIv3B_9aOKs:1t2t5u:NfA11ad5FyMhvN75DyGEVfzU1o82rFIXYQ5CyPBYPe8	2024-11-04 15:09:14.380124+01
npgcitoqh5yzsb5tn7schptjt60a7vjw	.eJxVjDsOwyAQBe9CHSEWzC9lep8B7QIOTiKQjF1FuXuE5CJp38y8Nwt47CUcPW9hTezKgF1-N8L4zHWA9MB6bzy2um8r8aHwk3Y-t5Rft9P9OyjYy6gdoiBI0kWKkLT2YCdrQJABDVlKEZWixU8qS-sMocqLB-UFACmfNPt8AdduNys:1t2t6M:UcSYsTSqnOqaZk3MMFsmqrvY9sF2r96y5iXsdcouQwc	2024-11-04 15:09:42.9127+01
a5ob6b1dqse4ycg17gdro35b9xwdsca4	.eJxVjDsOwyAQBe9CHSEWzC9lep8B7QIOTiKQjF1FuXuE5CJp38y8Nwt47CUcPW9hTezKgF1-N8L4zHWA9MB6bzy2um8r8aHwk3Y-t5Rft9P9OyjYy6gdoiBI0kWKkLT2YCdrQJABDVlKEZWixU8qS-sMocqLB-UFACmfNPt8AdduNys:1t2tVY:QnG_e6UrpBMqkLW-CKm5lnBQ29jjCkFA0kcYwE78OFc	2024-11-04 15:35:44.183838+01
mzny17kf70owb2ro7imvcbu3c30n3g4n	.eJxVjDsOwyAQBe9CHSEWzC9lep8B7QIOTiKQjF1FuXuE5CJp38y8Nwt47CUcPW9hTezKgF1-N8L4zHWA9MB6bzy2um8r8aHwk3Y-t5Rft9P9OyjYy6gdoiBI0kWKkLT2YCdrQJABDVlKEZWixU8qS-sMocqLB-UFACmfNPt8AdduNys:1t2tc2:OaWmieRVVWqOqc2cmBROiMbEjLJbMIGqEX3h2zlAGB4	2024-11-04 15:42:26.756347+01
vthdfv8qoyf4otcygta9on5mns21i3ll	.eJxVjDsOwyAQBe9CHSEWzC9lep8B7QIOTiKQjF1FuXuE5CJp38y8Nwt47CUcPW9hTezKgF1-N8L4zHWA9MB6bzy2um8r8aHwk3Y-t5Rft9P9OyjYy6gdoiBI0kWKkLT2YCdrQJABDVlKEZWixU8qS-sMocqLB-UFACmfNPt8AdduNys:1t2th4:-V76SzP0c76-M9CSSzvYfhNSez4plIo1ibd9ZR59Qvg	2024-11-04 15:47:38.618558+01
3iyuqok1boym2k27aj59zx9lgglmtffb	.eJxVjMEOwiAQRP-FsyGslG3r0bvfQHZhkaopSWlPxn-XJj3oZTKZNzNv5Wlbs9-qLH6K6qJ6dfrNmMJT5h3EB833okOZ12VivVf0Qau-lSiv69H9O8hUc1uzjANIZwMatAP3nMg6g8FFbpagqUBy54Sh486N_QAIhoCYUVJA9fkCBUQ45w:1t2thm:_EK8T8iMKih6bxrkQoiKUucjaG5zlc99E2Jb7kr-JZU	2024-11-04 15:48:22.305659+01
6fh1bnfubyj2crof6fub1ys4lcqiis86	.eJxVjDsOwyAQBe9CHSEWzC9lep8B7QIOTiKQjF1FuXuE5CJp38y8Nwt47CUcPW9hTezKgF1-N8L4zHWA9MB6bzy2um8r8aHwk3Y-t5Rft9P9OyjYy6gdoiBI0kWKkLT2YCdrQJABDVlKEZWixU8qS-sMocqLB-UFACmfNPt8AdduNys:1t2tiS:x1s7H47x2Ltb5qZweOcSHxIqHQ1fdLjs5mwGvV822Bg	2024-11-04 15:49:04.424625+01
povob3sggp2zmd0j6x5tf7ygve6sqhs1	.eJxVjMsOwiAQRf-FtSE8CoMu3fcbyMAMUjU0Ke3K-O_apAvd3nPOfYmI21rj1nmJE4mL0E6cfseE-cFtJ3THdptlntu6TEnuijxol-NM_Lwe7t9BxV6_tS_MNGTvvDkHzkkDGDuw4RKcRfTknPE-BGuKI4tFgSmskwoAGhRp8f4ADQY3tw:1t2tmi:qtFxF0Jcnhsio4-H75QBWti8hzaBr7dTNSPoN4gtzbE	2024-11-04 15:53:28.543454+01
pbxk80c3jxy8z184saveslvup0j63nom	.eJxVjDsOwyAQBe9CHSEWzC9lep8B7QIOTiKQjF1FuXuE5CJp38y8Nwt47CUcPW9hTezKgF1-N8L4zHWA9MB6bzy2um8r8aHwk3Y-t5Rft9P9OyjYy6gdoiBI0kWKkLT2YCdrQJABDVlKEZWixU8qS-sMocqLB-UFACmfNPt8AdduNys:1t2tqc:X18tDaDg9AWed_FM32TLHMDYsV7PVU4GIrIm0R85r2E	2024-11-04 15:57:30.399401+01
jutacnbcb0jmgdbk8jzdqvxyfrefcyzq	.eJxVjDsOwyAQBe9CHSEWzC9lep8B7QIOTiKQjF1FuXuE5CJp38y8Nwt47CUcPW9hTezKgF1-N8L4zHWA9MB6bzy2um8r8aHwk3Y-t5Rft9P9OyjYy6gdoiBI0kWKkLT2YCdrQJABDVlKEZWixU8qS-sMocqLB-UFACmfNPt8AdduNys:1t2tuP:ewY-b8k60xE5QlgYNqLUDt4Yf2t2HXRYBEZmuej_g1k	2024-11-04 16:01:25.274957+01
21n2mxoha1adgabz7283ro8b812tc2le	.eJxVjDsOwyAQBe9CHSEWzC9lep8B7QIOTiKQjF1FuXuE5CJp38y8Nwt47CUcPW9hTezKgF1-N8L4zHWA9MB6bzy2um8r8aHwk3Y-t5Rft9P9OyjYy6gdoiBI0kWKkLT2YCdrQJABDVlKEZWixU8qS-sMocqLB-UFACmfNPt8AdduNys:1t2txw:F_5l60gakagUVckgkuSi_AZt2YmXB4UTiVJ50I11s74	2024-11-04 16:05:04.512085+01
qgaxqi690tlvv5hsz32bp951u173kjea	.eJxVjDsOwyAQBe9CHSEWzC9lep8B7QIOTiKQjF1FuXuE5CJp38y8Nwt47CUcPW9hTezKgF1-N8L4zHWA9MB6bzy2um8r8aHwk3Y-t5Rft9P9OyjYy6gdoiBI0kWKkLT2YCdrQJABDVlKEZWixU8qS-sMocqLB-UFACmfNPt8AdduNys:1t2ty7:0Sh7ImC9bNeF7fZhIJQtljVF2Mc3bfwRwK2MgQHj54k	2024-11-04 16:05:15.357426+01
kpnp35tlefbujwn73dlu9fg8q7jdj2ll	.eJxVjDsOwyAQBe9CHSEWzC9lep8B7QIOTiKQjF1FuXuE5CJp38y8Nwt47CUcPW9hTezKgF1-N8L4zHWA9MB6bzy2um8r8aHwk3Y-t5Rft9P9OyjYy6gdoiBI0kWKkLT2YCdrQJABDVlKEZWixU8qS-sMocqLB-UFACmfNPt8AdduNys:1t2tyH:5wzYaLMXuhtoQp695C45w_p58-GVWk4oJCnoA2tyysE	2024-11-04 16:05:25.921829+01
e7h0oeggi83gd3da2247jdx5fpt1fp4w	.eJxVjMEOwiAQRP-FsyEgZbd49N5vILAsUjU0Ke3J-O9K0oMe5jLvzbyED_tW_N549XMSF6FBnH7LGOjBtZN0D_W2SFrqts5RdkUetMlpSfy8Hu7fQQmtfNcYFThj0dlRk8qZ0AbKmgcYe-LZOrRq0NmA1oozAgBRitlFNIqNeH8A7dk3jw:1t2tys:8K3KXWKmDJI-vwHiz5SdiSafQo2W1ZH-X47O-3id3ro	2024-11-04 16:06:02.329054+01
i4gs93kf7kqbza9lft81kqtlbrew8z0l	.eJxVjDsOwyAQBe9CHSEWzC9lep8B7QIOTiKQjF1FuXuE5CJp38y8Nwt47CUcPW9hTezKgF1-N8L4zHWA9MB6bzy2um8r8aHwk3Y-t5Rft9P9OyjYy6gdoiBI0kWKkLT2YCdrQJABDVlKEZWixU8qS-sMocqLB-UFACmfNPt8AdduNys:1t2uB2:FjH2n5kty3Amxx_mC3RfjF5rPdBo_einSot_GaabUgc	2024-11-04 16:18:36.130546+01
c5pklu9tq5dfhifou7a32p1wcdhc8jw0	.eJxVjEEOwiAQRe_C2pChQ2nr0r1nIAMzSNVAUtqV8e7apAvd_vfefylP25r91mTxM6uzMqBOv2Og-JCyE75TuVUda1mXOehd0Qdt-lpZnpfD_TvI1PK3Tj0xjUxThIQJgpkEYufA9gGRRnQciFPsAE0SxxbBDIyDoENnLaN6fwAoCThH:1t2uE3:r_K87spC3ce2-OO9Rp1h7rM89cLkoQP5FIsOfQDW-SM	2024-11-04 16:21:43.496782+01
\.


--
-- Data for Name: users_ad; Type: TABLE DATA; Schema: public; Owner: postgres
--

COPY public.users_ad (id, titre, description, prix, location, area, owner_id, image1, image2, image3, image) FROM stdin;
40	Villa de Luxe  Bouskoura	Magnifique villa avec piscine prive, jardin spacieux et architecture moderne. Idal pour une grande famille cherchant du confort.	5500000.00	Bouskoura, Casablanca	250	1	\N	\N	\N	ad_images/2.webp
34	Appartement Moderne  Casablanca	Un appartement moderne situ au centre de Casablanca, avec deux chambres, un salon spacieux et une cuisine quipe.	1200000.00	Casablanca	85	1	\N	\N	\N	ad_images/4.webp
38	Appartement Spacieux  Rabat Agdal	Un bel appartement  Rabat Agdal, comprenant trois chambres, deux salles de bain, et une cuisine ouverte.	1800000.00	Rabat	110	1	\N	\N	\N	ad_images/5.jpeg
33	Appartement en Centre-Ville de Marrakech	Appartement lumineux avec une vue imprenable sur la ville de Marrakech.	950000.00	Marrakech	75	1	\N	\N	\N	ad_images/6.webp
\.


--
-- Data for Name: users_customuser; Type: TABLE DATA; Schema: public; Owner: postgres
--

COPY public.users_customuser (id, password, last_login, is_superuser, username, first_name, last_name, is_staff, is_active, date_joined, email) FROM stdin;
4	pbkdf2_sha256$870000$Ne5vNXnGlcZ34lEHlGPxXd$ViO0MkBQo7L2eI84L6RWbH4/sdhsUsPA+QY9E6DJn5o=	2024-10-22 12:19:02.977244+01	f	salah			f	t	2024-10-20 18:07:10.789629+01	salah@gmail.com
18	pbkdf2_sha256$870000$qt7p6Vtz7I80b2Kvks3F62$UtxAfVfxrB7E14dHgWh4kwLOa1QwyGeBU/hs/+ROMDU=	\N	f	med			f	t	2024-10-22 12:26:52.375231+01	med@gmail.com
19	pbkdf2_sha256$870000$fER2g1QjfNU2f5jkc7xWoX$Gs/hACWUDTf2OldzRSRCGnMhJtd4akajIYHKPojgQsM=	\N	f	rachid			f	t	2024-10-23 08:28:39.633818+01	rachid@gmail.com
20	pbkdf2_sha256$870000$mIJR5UNCaiadWyT4urf4bR$5ya37PJBHjtcV9M2zwg3UFW88MfcQly1lZoBmkdkfxs=	\N	f	ali			f	t	2024-10-23 12:28:02.199275+01	ali@gmail.com
1	pbkdf2_sha256$870000$YsZJYMVjuoz864mfKYSs2O$DddXmslEX6+Ivrib1u3lCwBhgDUAOLinKmnmmktsrvw=	2024-10-22 12:12:18.506651+01	t	makkaoui			t	t	2024-10-20 16:18:40.253889+01	makkaouimed05@gmail.com
\.


--
-- Data for Name: users_customuser_groups; Type: TABLE DATA; Schema: public; Owner: postgres
--

COPY public.users_customuser_groups (id, customuser_id, group_id) FROM stdin;
\.


--
-- Data for Name: users_customuser_user_permissions; Type: TABLE DATA; Schema: public; Owner: postgres
--

COPY public.users_customuser_user_permissions (id, customuser_id, permission_id) FROM stdin;
\.


--
-- Data for Name: users_notification; Type: TABLE DATA; Schema: public; Owner: postgres
--

COPY public.users_notification (id, message, is_read, created_at, user_id, reservation_id) FROM stdin;
80	Vous avez confirm cette rservation.	t	2024-10-23 12:19:00.155868+01	1	43
81	Votre rservation pour 'Appartement Moderne  Casablanca' est confirme.	f	2024-10-23 12:19:15.447875+01	4	43
82	Vous avez confirm cette rservation.	t	2024-10-23 12:29:29.669001+01	1	44
83	Votre rservation pour 'Appartement Spacieux  Rabat Agdal' est confirme.	f	2024-10-23 12:29:42.738654+01	20	44
\.


--
-- Data for Name: users_reservation; Type: TABLE DATA; Schema: public; Owner: postgres
--

COPY public.users_reservation (id, phone_number, created_at, ad_id, user_id, reservation_date, reservation_time, confirmed_by_buyer) FROM stdin;
1	04888	2024-10-22 12:38:29.609767+01	38	18	2024-12-12	12:00:00	f
2	0707961883	2024-10-22 12:58:34.735603+01	33	4	2024-11-02	12:58:00	f
4	0707961883	2024-10-22 13:44:32.855863+01	38	18	2024-11-01	18:43:00	f
12	888888888845	2024-10-23 09:32:21.313726+01	40	19	2026-05-12	05:56:00	t
13	060606060606	2024-10-23 09:44:19.088567+01	40	4	2025-12-06	06:58:00	t
14	0707961883	2024-10-23 09:45:42.013555+01	34	4	2025-02-12	04:20:00	f
15	0796181845	2024-10-23 09:47:20.548595+01	34	4	2025-02-05	07:08:00	t
16	0606060655	2024-10-23 09:49:01.358898+01	33	19	2027-06-05	05:09:00	f
17	08999999999	2024-10-23 09:52:03.743446+01	38	4	2028-05-12	08:09:00	t
18	0666666665	2024-10-23 10:02:29.961343+01	40	4	2024-05-04	17:59:00	t
19	0696258798	2024-10-23 10:15:42.723788+01	40	4	2058-05-12	07:08:00	t
20	0606968798	2024-10-23 10:21:03.564215+01	40	4	2525-02-12	07:08:00	t
21	0789899526	2024-10-23 10:28:32.708972+01	40	4	2026-02-05	04:57:00	t
22	0606589997	2024-10-23 10:33:32.30393+01	40	4	2028-12-12	08:09:00	t
23	0669888785	2024-10-23 10:38:31.514317+01	40	4	2025-12-12	08:05:00	t
24	0696988956	2024-10-23 10:41:24.623417+01	40	4	2008-05-12	05:05:00	t
25	5555555555	2024-10-23 10:42:43.408504+01	40	4	2060-12-12	05:03:00	t
26	78999999999	2024-10-23 10:44:49.013152+01	40	4	5455-12-12	09:06:00	t
27	8888888888	2024-10-23 10:49:40.195635+01	38	4	5622-04-12	03:06:00	f
28	9999999999	2024-10-23 10:52:34.934688+01	40	4	2025-05-04	07:08:00	t
29	5454555466	2024-10-23 11:00:25.245733+01	40	4	2025-08-31	09:06:00	f
30	87878799955	2024-10-23 11:02:24.55799+01	40	4	2028-12-12	05:06:00	t
32	12345678955	2024-10-23 11:17:45.334143+01	40	4	2000-12-04	12:45:00	t
33	5666858525	2024-10-23 11:26:33.833597+01	33	4	5685-12-12	09:06:00	f
34	12365978969	2024-10-23 11:28:13.807659+01	38	4	5487-12-12	09:06:00	t
35	555555555555555	2024-10-23 11:31:13.863727+01	38	4	4552-05-05	22:05:00	t
36	33333333333	2024-10-23 11:36:37.347389+01	40	4	2023-12-12	05:59:00	t
37	99999999999	2024-10-23 11:41:14.453838+01	40	4	2021-12-12	23:06:00	t
38	121212121212	2024-10-23 11:47:19.400355+01	33	4	2025-12-12	12:12:00	t
39	88888888888	2024-10-23 12:02:04.882385+01	40	4	3366-12-12	06:05:00	f
40	0600000000	2024-10-23 12:09:10.587561+01	40	19	2024-12-30	13:00:00	f
41	0600000000	2024-10-23 12:11:13.019091+01	40	4	2024-12-12	13:00:00	f
42	0600000000	2024-10-23 12:14:02.221499+01	40	4	2024-12-12	13:00:00	t
43	0606060606	2024-10-23 12:19:00.15387+01	34	4	2024-11-12	12:05:00	t
44	15454515545	2024-10-23 12:29:29.667+01	38	20	2025-02-01	12:05:00	t
\.


--
-- Name: auth_group_id_seq; Type: SEQUENCE SET; Schema: public; Owner: postgres
--

SELECT pg_catalog.setval('public.auth_group_id_seq', 1, false);


--
-- Name: auth_group_permissions_id_seq; Type: SEQUENCE SET; Schema: public; Owner: postgres
--

SELECT pg_catalog.setval('public.auth_group_permissions_id_seq', 1, false);


--
-- Name: auth_permission_id_seq; Type: SEQUENCE SET; Schema: public; Owner: postgres
--

SELECT pg_catalog.setval('public.auth_permission_id_seq', 36, true);


--
-- Name: django_admin_log_id_seq; Type: SEQUENCE SET; Schema: public; Owner: postgres
--

SELECT pg_catalog.setval('public.django_admin_log_id_seq', 1, false);


--
-- Name: django_content_type_id_seq; Type: SEQUENCE SET; Schema: public; Owner: postgres
--

SELECT pg_catalog.setval('public.django_content_type_id_seq', 9, true);


--
-- Name: django_migrations_id_seq; Type: SEQUENCE SET; Schema: public; Owner: postgres
--

SELECT pg_catalog.setval('public.django_migrations_id_seq', 28, true);


--
-- Name: users_ad_id_seq; Type: SEQUENCE SET; Schema: public; Owner: postgres
--

SELECT pg_catalog.setval('public.users_ad_id_seq', 46, true);


--
-- Name: users_customuser_groups_id_seq; Type: SEQUENCE SET; Schema: public; Owner: postgres
--

SELECT pg_catalog.setval('public.users_customuser_groups_id_seq', 1, false);


--
-- Name: users_customuser_id_seq; Type: SEQUENCE SET; Schema: public; Owner: postgres
--

SELECT pg_catalog.setval('public.users_customuser_id_seq', 20, true);


--
-- Name: users_customuser_user_permissions_id_seq; Type: SEQUENCE SET; Schema: public; Owner: postgres
--

SELECT pg_catalog.setval('public.users_customuser_user_permissions_id_seq', 1, false);


--
-- Name: users_notification_id_seq; Type: SEQUENCE SET; Schema: public; Owner: postgres
--

SELECT pg_catalog.setval('public.users_notification_id_seq', 83, true);


--
-- Name: users_reservation_id_seq; Type: SEQUENCE SET; Schema: public; Owner: postgres
--

SELECT pg_catalog.setval('public.users_reservation_id_seq', 44, true);


--
-- Name: auth_group auth_group_name_key; Type: CONSTRAINT; Schema: public; Owner: postgres
--

ALTER TABLE ONLY public.auth_group
    ADD CONSTRAINT auth_group_name_key UNIQUE (name);


--
-- Name: auth_group_permissions auth_group_permissions_group_id_permission_id_0cd325b0_uniq; Type: CONSTRAINT; Schema: public; Owner: postgres
--

ALTER TABLE ONLY public.auth_group_permissions
    ADD CONSTRAINT auth_group_permissions_group_id_permission_id_0cd325b0_uniq UNIQUE (group_id, permission_id);


--
-- Name: auth_group_permissions auth_group_permissions_pkey; Type: CONSTRAINT; Schema: public; Owner: postgres
--

ALTER TABLE ONLY public.auth_group_permissions
    ADD CONSTRAINT auth_group_permissions_pkey PRIMARY KEY (id);


--
-- Name: auth_group auth_group_pkey; Type: CONSTRAINT; Schema: public; Owner: postgres
--

ALTER TABLE ONLY public.auth_group
    ADD CONSTRAINT auth_group_pkey PRIMARY KEY (id);


--
-- Name: auth_permission auth_permission_content_type_id_codename_01ab375a_uniq; Type: CONSTRAINT; Schema: public; Owner: postgres
--

ALTER TABLE ONLY public.auth_permission
    ADD CONSTRAINT auth_permission_content_type_id_codename_01ab375a_uniq UNIQUE (content_type_id, codename);


--
-- Name: auth_permission auth_permission_pkey; Type: CONSTRAINT; Schema: public; Owner: postgres
--

ALTER TABLE ONLY public.auth_permission
    ADD CONSTRAINT auth_permission_pkey PRIMARY KEY (id);


--
-- Name: django_admin_log django_admin_log_pkey; Type: CONSTRAINT; Schema: public; Owner: postgres
--

ALTER TABLE ONLY public.django_admin_log
    ADD CONSTRAINT django_admin_log_pkey PRIMARY KEY (id);


--
-- Name: django_content_type django_content_type_app_label_model_76bd3d3b_uniq; Type: CONSTRAINT; Schema: public; Owner: postgres
--

ALTER TABLE ONLY public.django_content_type
    ADD CONSTRAINT django_content_type_app_label_model_76bd3d3b_uniq UNIQUE (app_label, model);


--
-- Name: django_content_type django_content_type_pkey; Type: CONSTRAINT; Schema: public; Owner: postgres
--

ALTER TABLE ONLY public.django_content_type
    ADD CONSTRAINT django_content_type_pkey PRIMARY KEY (id);


--
-- Name: django_migrations django_migrations_pkey; Type: CONSTRAINT; Schema: public; Owner: postgres
--

ALTER TABLE ONLY public.django_migrations
    ADD CONSTRAINT django_migrations_pkey PRIMARY KEY (id);


--
-- Name: django_session django_session_pkey; Type: CONSTRAINT; Schema: public; Owner: postgres
--

ALTER TABLE ONLY public.django_session
    ADD CONSTRAINT django_session_pkey PRIMARY KEY (session_key);


--
-- Name: users_ad users_ad_pkey; Type: CONSTRAINT; Schema: public; Owner: postgres
--

ALTER TABLE ONLY public.users_ad
    ADD CONSTRAINT users_ad_pkey PRIMARY KEY (id);


--
-- Name: users_customuser users_customuser_email_key; Type: CONSTRAINT; Schema: public; Owner: postgres
--

ALTER TABLE ONLY public.users_customuser
    ADD CONSTRAINT users_customuser_email_key UNIQUE (email);


--
-- Name: users_customuser_groups users_customuser_groups_customuser_id_group_id_76b619e3_uniq; Type: CONSTRAINT; Schema: public; Owner: postgres
--

ALTER TABLE ONLY public.users_customuser_groups
    ADD CONSTRAINT users_customuser_groups_customuser_id_group_id_76b619e3_uniq UNIQUE (customuser_id, group_id);


--
-- Name: users_customuser_groups users_customuser_groups_pkey; Type: CONSTRAINT; Schema: public; Owner: postgres
--

ALTER TABLE ONLY public.users_customuser_groups
    ADD CONSTRAINT users_customuser_groups_pkey PRIMARY KEY (id);


--
-- Name: users_customuser users_customuser_pkey; Type: CONSTRAINT; Schema: public; Owner: postgres
--

ALTER TABLE ONLY public.users_customuser
    ADD CONSTRAINT users_customuser_pkey PRIMARY KEY (id);


--
-- Name: users_customuser_user_permissions users_customuser_user_pe_customuser_id_permission_7a7debf6_uniq; Type: CONSTRAINT; Schema: public; Owner: postgres
--

ALTER TABLE ONLY public.users_customuser_user_permissions
    ADD CONSTRAINT users_customuser_user_pe_customuser_id_permission_7a7debf6_uniq UNIQUE (customuser_id, permission_id);


--
-- Name: users_customuser_user_permissions users_customuser_user_permissions_pkey; Type: CONSTRAINT; Schema: public; Owner: postgres
--

ALTER TABLE ONLY public.users_customuser_user_permissions
    ADD CONSTRAINT users_customuser_user_permissions_pkey PRIMARY KEY (id);


--
-- Name: users_customuser users_customuser_username_key; Type: CONSTRAINT; Schema: public; Owner: postgres
--

ALTER TABLE ONLY public.users_customuser
    ADD CONSTRAINT users_customuser_username_key UNIQUE (username);


--
-- Name: users_notification users_notification_pkey; Type: CONSTRAINT; Schema: public; Owner: postgres
--

ALTER TABLE ONLY public.users_notification
    ADD CONSTRAINT users_notification_pkey PRIMARY KEY (id);


--
-- Name: users_reservation users_reservation_pkey; Type: CONSTRAINT; Schema: public; Owner: postgres
--

ALTER TABLE ONLY public.users_reservation
    ADD CONSTRAINT users_reservation_pkey PRIMARY KEY (id);


--
-- Name: auth_group_name_a6ea08ec_like; Type: INDEX; Schema: public; Owner: postgres
--

CREATE INDEX auth_group_name_a6ea08ec_like ON public.auth_group USING btree (name varchar_pattern_ops);


--
-- Name: auth_group_permissions_group_id_b120cbf9; Type: INDEX; Schema: public; Owner: postgres
--

CREATE INDEX auth_group_permissions_group_id_b120cbf9 ON public.auth_group_permissions USING btree (group_id);


--
-- Name: auth_group_permissions_permission_id_84c5c92e; Type: INDEX; Schema: public; Owner: postgres
--

CREATE INDEX auth_group_permissions_permission_id_84c5c92e ON public.auth_group_permissions USING btree (permission_id);


--
-- Name: auth_permission_content_type_id_2f476e4b; Type: INDEX; Schema: public; Owner: postgres
--

CREATE INDEX auth_permission_content_type_id_2f476e4b ON public.auth_permission USING btree (content_type_id);


--
-- Name: django_admin_log_content_type_id_c4bce8eb; Type: INDEX; Schema: public; Owner: postgres
--

CREATE INDEX django_admin_log_content_type_id_c4bce8eb ON public.django_admin_log USING btree (content_type_id);


--
-- Name: django_admin_log_user_id_c564eba6; Type: INDEX; Schema: public; Owner: postgres
--

CREATE INDEX django_admin_log_user_id_c564eba6 ON public.django_admin_log USING btree (user_id);


--
-- Name: django_session_expire_date_a5c62663; Type: INDEX; Schema: public; Owner: postgres
--

CREATE INDEX django_session_expire_date_a5c62663 ON public.django_session USING btree (expire_date);


--
-- Name: django_session_session_key_c0390e0f_like; Type: INDEX; Schema: public; Owner: postgres
--

CREATE INDEX django_session_session_key_c0390e0f_like ON public.django_session USING btree (session_key varchar_pattern_ops);


--
-- Name: users_ad_owner_id_9ff4aad8; Type: INDEX; Schema: public; Owner: postgres
--

CREATE INDEX users_ad_owner_id_9ff4aad8 ON public.users_ad USING btree (owner_id);


--
-- Name: users_customuser_email_6445acef_like; Type: INDEX; Schema: public; Owner: postgres
--

CREATE INDEX users_customuser_email_6445acef_like ON public.users_customuser USING btree (email varchar_pattern_ops);


--
-- Name: users_customuser_groups_customuser_id_958147bf; Type: INDEX; Schema: public; Owner: postgres
--

CREATE INDEX users_customuser_groups_customuser_id_958147bf ON public.users_customuser_groups USING btree (customuser_id);


--
-- Name: users_customuser_groups_group_id_01390b14; Type: INDEX; Schema: public; Owner: postgres
--

CREATE INDEX users_customuser_groups_group_id_01390b14 ON public.users_customuser_groups USING btree (group_id);


--
-- Name: users_customuser_user_permissions_customuser_id_5771478b; Type: INDEX; Schema: public; Owner: postgres
--

CREATE INDEX users_customuser_user_permissions_customuser_id_5771478b ON public.users_customuser_user_permissions USING btree (customuser_id);


--
-- Name: users_customuser_user_permissions_permission_id_baaa2f74; Type: INDEX; Schema: public; Owner: postgres
--

CREATE INDEX users_customuser_user_permissions_permission_id_baaa2f74 ON public.users_customuser_user_permissions USING btree (permission_id);


--
-- Name: users_customuser_username_80452fdf_like; Type: INDEX; Schema: public; Owner: postgres
--

CREATE INDEX users_customuser_username_80452fdf_like ON public.users_customuser USING btree (username varchar_pattern_ops);


--
-- Name: users_notification_reservation_id_9ec49054; Type: INDEX; Schema: public; Owner: postgres
--

CREATE INDEX users_notification_reservation_id_9ec49054 ON public.users_notification USING btree (reservation_id);


--
-- Name: users_notification_user_id_fed360c8; Type: INDEX; Schema: public; Owner: postgres
--

CREATE INDEX users_notification_user_id_fed360c8 ON public.users_notification USING btree (user_id);


--
-- Name: users_reservation_ad_id_b2a20849; Type: INDEX; Schema: public; Owner: postgres
--

CREATE INDEX users_reservation_ad_id_b2a20849 ON public.users_reservation USING btree (ad_id);


--
-- Name: users_reservation_user_id_4687a213; Type: INDEX; Schema: public; Owner: postgres
--

CREATE INDEX users_reservation_user_id_4687a213 ON public.users_reservation USING btree (user_id);


--
-- Name: auth_group_permissions auth_group_permissio_permission_id_84c5c92e_fk_auth_perm; Type: FK CONSTRAINT; Schema: public; Owner: postgres
--

ALTER TABLE ONLY public.auth_group_permissions
    ADD CONSTRAINT auth_group_permissio_permission_id_84c5c92e_fk_auth_perm FOREIGN KEY (permission_id) REFERENCES public.auth_permission(id) DEFERRABLE INITIALLY DEFERRED;


--
-- Name: auth_group_permissions auth_group_permissions_group_id_b120cbf9_fk_auth_group_id; Type: FK CONSTRAINT; Schema: public; Owner: postgres
--

ALTER TABLE ONLY public.auth_group_permissions
    ADD CONSTRAINT auth_group_permissions_group_id_b120cbf9_fk_auth_group_id FOREIGN KEY (group_id) REFERENCES public.auth_group(id) DEFERRABLE INITIALLY DEFERRED;


--
-- Name: auth_permission auth_permission_content_type_id_2f476e4b_fk_django_co; Type: FK CONSTRAINT; Schema: public; Owner: postgres
--

ALTER TABLE ONLY public.auth_permission
    ADD CONSTRAINT auth_permission_content_type_id_2f476e4b_fk_django_co FOREIGN KEY (content_type_id) REFERENCES public.django_content_type(id) DEFERRABLE INITIALLY DEFERRED;


--
-- Name: django_admin_log django_admin_log_content_type_id_c4bce8eb_fk_django_co; Type: FK CONSTRAINT; Schema: public; Owner: postgres
--

ALTER TABLE ONLY public.django_admin_log
    ADD CONSTRAINT django_admin_log_content_type_id_c4bce8eb_fk_django_co FOREIGN KEY (content_type_id) REFERENCES public.django_content_type(id) DEFERRABLE INITIALLY DEFERRED;


--
-- Name: django_admin_log django_admin_log_user_id_c564eba6_fk_users_customuser_id; Type: FK CONSTRAINT; Schema: public; Owner: postgres
--

ALTER TABLE ONLY public.django_admin_log
    ADD CONSTRAINT django_admin_log_user_id_c564eba6_fk_users_customuser_id FOREIGN KEY (user_id) REFERENCES public.users_customuser(id) DEFERRABLE INITIALLY DEFERRED;


--
-- Name: users_ad users_ad_owner_id_9ff4aad8_fk_users_customuser_id; Type: FK CONSTRAINT; Schema: public; Owner: postgres
--

ALTER TABLE ONLY public.users_ad
    ADD CONSTRAINT users_ad_owner_id_9ff4aad8_fk_users_customuser_id FOREIGN KEY (owner_id) REFERENCES public.users_customuser(id) DEFERRABLE INITIALLY DEFERRED;


--
-- Name: users_customuser_groups users_customuser_gro_customuser_id_958147bf_fk_users_cus; Type: FK CONSTRAINT; Schema: public; Owner: postgres
--

ALTER TABLE ONLY public.users_customuser_groups
    ADD CONSTRAINT users_customuser_gro_customuser_id_958147bf_fk_users_cus FOREIGN KEY (customuser_id) REFERENCES public.users_customuser(id) DEFERRABLE INITIALLY DEFERRED;


--
-- Name: users_customuser_groups users_customuser_groups_group_id_01390b14_fk_auth_group_id; Type: FK CONSTRAINT; Schema: public; Owner: postgres
--

ALTER TABLE ONLY public.users_customuser_groups
    ADD CONSTRAINT users_customuser_groups_group_id_01390b14_fk_auth_group_id FOREIGN KEY (group_id) REFERENCES public.auth_group(id) DEFERRABLE INITIALLY DEFERRED;


--
-- Name: users_customuser_user_permissions users_customuser_use_customuser_id_5771478b_fk_users_cus; Type: FK CONSTRAINT; Schema: public; Owner: postgres
--

ALTER TABLE ONLY public.users_customuser_user_permissions
    ADD CONSTRAINT users_customuser_use_customuser_id_5771478b_fk_users_cus FOREIGN KEY (customuser_id) REFERENCES public.users_customuser(id) DEFERRABLE INITIALLY DEFERRED;


--
-- Name: users_customuser_user_permissions users_customuser_use_permission_id_baaa2f74_fk_auth_perm; Type: FK CONSTRAINT; Schema: public; Owner: postgres
--

ALTER TABLE ONLY public.users_customuser_user_permissions
    ADD CONSTRAINT users_customuser_use_permission_id_baaa2f74_fk_auth_perm FOREIGN KEY (permission_id) REFERENCES public.auth_permission(id) DEFERRABLE INITIALLY DEFERRED;


--
-- Name: users_notification users_notification_reservation_id_9ec49054_fk_users_res; Type: FK CONSTRAINT; Schema: public; Owner: postgres
--

ALTER TABLE ONLY public.users_notification
    ADD CONSTRAINT users_notification_reservation_id_9ec49054_fk_users_res FOREIGN KEY (reservation_id) REFERENCES public.users_reservation(id) DEFERRABLE INITIALLY DEFERRED;


--
-- Name: users_notification users_notification_user_id_fed360c8_fk_users_customuser_id; Type: FK CONSTRAINT; Schema: public; Owner: postgres
--

ALTER TABLE ONLY public.users_notification
    ADD CONSTRAINT users_notification_user_id_fed360c8_fk_users_customuser_id FOREIGN KEY (user_id) REFERENCES public.users_customuser(id) DEFERRABLE INITIALLY DEFERRED;


--
-- Name: users_reservation users_reservation_ad_id_b2a20849_fk_users_ad_id; Type: FK CONSTRAINT; Schema: public; Owner: postgres
--

ALTER TABLE ONLY public.users_reservation
    ADD CONSTRAINT users_reservation_ad_id_b2a20849_fk_users_ad_id FOREIGN KEY (ad_id) REFERENCES public.users_ad(id) DEFERRABLE INITIALLY DEFERRED;


--
-- Name: users_reservation users_reservation_user_id_4687a213_fk_users_customuser_id; Type: FK CONSTRAINT; Schema: public; Owner: postgres
--

ALTER TABLE ONLY public.users_reservation
    ADD CONSTRAINT users_reservation_user_id_4687a213_fk_users_customuser_id FOREIGN KEY (user_id) REFERENCES public.users_customuser(id) DEFERRABLE INITIALLY DEFERRED;


--
-- PostgreSQL database dump complete
--

